:020000040800F2
:1000000000000120812700085D2500086525000803
:100010006D250008752500087D25000800000000FA
:10002000000000000000000000000000852500081E
:100030009325000800000000A1250008AF25000856
:10004000D1270008D1270008D1270008D1270008B0
:10005000D1270008D1270008D1270008D1270008A0
:10006000D1270008D1270008D1270008D127000890
:10007000D1270008D1270008D1270008D127000880
:10008000D1270008D1270008D12700080000000070
:10009000000000000000000000000000D127000860
:1000A000D1270008D1270008D1270008D127000850
:1000B000D1270008D1270008D1270008D127000840
:1000C000D1270008D1270008D1270008D127000830
:1000D000D1270008D1270008D12700080000000020
:1000E000D1270008D1270008D12700080000000010
:1000F000000000000000000000000000D127000800
:1001000000000000D1270008D1270008D1270008EF
:1001100000000000000000000000000000000000DF
:10012000D1270008D1270008D1270008D1270008CF
:10013000D1270008000000000000000000000000BF
:10014000000000000000000000000000BD250008C5
:10015000D1270008D1270008D1270008D12700089F
:10016000D1270008D127000800000000000000008F
:10017000000000000000000000000000000000007F
:1001800000000000D127000800000000000000006F
:04019000D12700086B
:1001A00010B5054C237833B9044B13B10448AFF3B1
:1001B00000800123237010BD080300200000000010
:1001C000ACE6000808B5034B1BB103490348AFF385
:1001D000008008BD000000000C030020ACE6000811
:1001E00001F0FF01102A2BDB10F0070F08D010F8E8
:1001F000013B013A8B422DD010F0070F42B3F6D1EC
:10020000F0B441EA012141EA014122F007047FF004
:1002100000070023F0E80256083C85EA010586EA5B
:10022000010685FA47F5A3FA87F586FA47F6A5FA97
:1002300087F68EB9EED1F0BC01F0FF0102F00702A3
:1002400032B110F8013B013A83EA010313B1F8D14E
:100250000020704701387047002D06BF354603382F
:10026000073815F0010F07D1013015F4807F02BF68
:10027000013015F4C03F0130F0BC0138704700BFB9
:10028000034613F8012B002AFBD1181A01387047D6
:1002900081F0004102E000BF83F0004330B54FEA37
:1002A00041044FEA430594EA050F08BF90EA020FA4
:1002B0001FBF54EA000C55EA020C7FEA645C7FEA37
:1002C000655C00F0E2804FEA5454D4EB5555B8BF5A
:1002D0006D420CDD2C4480EA020281EA030382EACB
:1002E000000083EA010180EA020281EA0303362D5D
:1002F00088BF30BD11F0004F4FEA01314FF4801C30
:100300004CEA113102D0404261EB410113F0004F41
:100310004FEA03334CEA133302D0524263EB4303F8
:1003200094EA050F00F0A780A4F10104D5F1200E96
:100330000DDB02FA0EFC22FA05F2801841F10001F1
:1003400003FA0EF2801843FA05F359410EE0A5F1C5
:1003500020050EF1200E012A03FA0EFC28BF4CF0F6
:10036000020C43FA05F3C01851EBE37101F00045AC
:1003700007D54FF0000EDCF1000C7EEB00006EEBB9
:100380000101B1F5801F1BD3B1F5001F0CD3490843
:100390005FEA30004FEA3C0C04F101044FEA44529A
:1003A00012F5800F80F09A80BCF1004F08BF5FEA21
:1003B000500C50F1000041EB045141EA050130BD01
:1003C0005FEA4C0C404141EB0101013C28BFB1F513
:1003D000801FE9D291F0000F04BF01460020B1FA5E
:1003E00081F308BF2033A3F10B03B3F120020CDA31
:1003F0000C3208DD02F1140CC2F10C0201FA0CF00F
:1004000021FA02F10CE002F11402D8BFC2F1200C73
:1004100001FA02F120FA0CFCDCBF41EA0C01904029
:10042000E41AA2BF01EB0451294330BD6FEA040472
:100430001F3C1CDA0C340EDC04F11404C4F120025D
:1004400020FA04F001FA02F340EA030021FA04F36F
:1004500045EA030130BDC4F10C04C4F1200220FAC6
:1004600002F001FA04F340EA0300294630BD21FA04
:1004700004F0294630BD94F0000F83F4801306BFCA
:1004800081F480110134013D4EE77FEA645C18BFBE
:100490007FEA655C29D094EA050F08BF90EA020F55
:1004A00005D054EA000C04BF1946104630BD91EA4D
:1004B000030F1EBF0021002030BD5FEA545C05D150
:1004C0004000494128BF41F0004130BD14F580048F
:1004D0003CBF01F5801130BD01F0004545F0FE4103
:1004E00041F470014FF0000030BD7FEA645C1ABF38
:1004F000194610467FEA655C1CBF0B46024650EA6F
:10050000013406BF52EA033591EA030F41F400219A
:1005100030BD00BF90F0000F04BF0021704730B520
:100520004FF4806404F132044FF000054FF00001F5
:1005300050E700BF90F0000F04BF0021704730B5B6
:100540004FF4806404F1320410F0004548BF40428B
:100550004FF000013EE700BF42004FEAE2014FEAE0
:1005600031014FEA02701FBF12F07F4393F07F4FBB
:1005700081F06051704732F07F4208BF704793F0BE
:100580007F4F04BF41F40021704730B54FF46074D1
:1005900001F0004521F000411CE700BF50EA0102D4
:1005A00008BF704730B54FF000050AE050EA01027D
:1005B00008BF704730B511F0004502D5404261EBED
:1005C00041014FF4806404F132045FEA915C3FF42E
:1005D000D8AE4FF003025FEADC0C18BF03325FEACB
:1005E000DC0C18BF033202EBDC02C2F1200300FA7C
:1005F00003FC20FA02F001FA03FE40EA0E0021FAA1
:1006000002F11444BDE600BF70B54FF0FF0C4CF48E
:10061000E06C1CEA11541DBF1CEA135594EA0C0F40
:1006200095EA0C0F00F0DEF82C4481EA030621EA7B
:100630004C5123EA4C5350EA013518BF52EA0335B6
:1006400041F4801143F4801338D0A0FB02CE4FF068
:100650000005E1FB02E506F00042E0FB03E54FF098
:100660000006E1FB03569CF0000F18BF4EF0010E90
:10067000A4F1FF04B6F5007F64F5407404D25FEA8C
:100680004E0E6D4146EB060642EAC62141EA55513F
:100690004FEAC52040EA5E504FEACE2EB4F1FD0C81
:1006A00088BFBCF5E06F1ED8BEF1004F08BF5FEAFF
:1006B000500E50F1000041EB045170BD06F00046B1
:1006C00046EA010140EA020081EA0301B4EB5C045E
:1006D000C2BFD4EB0C0541EA045170BD41F4801156
:1006E0004FF0000E013C00F3AB8014F1360FDEBF7B
:1006F000002001F0004170BDC4F10004203C35DA57
:100700000C341BDC04F11404C4F1200500FA05F3D9
:1007100020FA04F001FA05F240EA020001F000427A
:1007200021F0004110EBD37021FA04F642EB0601F0
:100730005EEA430E08BF20EAD37070BDC4F10C041A
:10074000C4F1200500FA04F320FA05F001FA04F2DE
:1007500040EA020001F0004110EBD37041F10001CA
:100760005EEA430E08BF20EAD37070BDC4F12005D5
:1007700000FA05F24EEA020E20FA04F301FA05F23D
:1007800043EA020321FA04F001F0004121FA04F2E5
:1007900020EA020000EBD3705EEA430E08BF20EAB5
:1007A000D37070BD94F0000F0FD101F000464000EF
:1007B00041EB010111F4801F08BF013CF7D041EA71
:1007C000060195F0000F18BF704703F00046520075
:1007D00043EB030313F4801F08BF013DF7D043EA46
:1007E0000603704794EA0C0F0CEA135518BF95EAFC
:1007F0000C0F0CD050EA410618BF52EA4306D1D183
:1008000081EA030101F000414FF0000070BD50EAA1
:10081000410606BF1046194652EA430619D094EA2B
:100820000C0F02D150EA013613D195EA0C0F05D115
:1008300052EA03361CBF104619460AD181EA030169
:1008400001F0004141F0FE4141F470014FF0000021
:1008500070BD41F0FE4141F4780170BD70B54FF0BC
:10086000FF0C4CF4E06C1CEA11541DBF1CEA13553C
:1008700094EA0C0F95EA0C0F00F0A7F8A4EB05041E
:1008800081EA030E52EA03354FEA013100F0888015
:100890004FEA03334FF0805545EA131343EA1263DE
:1008A0004FEA022245EA111545EA10654FEA002693
:1008B0000EF000419D4208BF964244F1FD0404F54C
:1008C000407402D25B084FEA3202B61A65EB0305A8
:1008D0005B084FEA32024FF480104FF4002CB6EB65
:1008E000020E75EB030E22BFB61A754640EA0C00E5
:1008F0005B084FEA3202B6EB020E75EB030E22BF25
:10090000B61A754640EA5C005B084FEA3202B6EB65
:10091000020E75EB030E22BFB61A754640EA9C0024
:100920005B084FEA3202B6EB020E75EB030E22BFF4
:10093000B61A754640EADC0055EA060E18D04FEAB2
:10094000051545EA16754FEA06164FEAC30343EA52
:1009500052734FEAC2025FEA1C1CC0D111F4801F1F
:100960000BD141EA00014FF000004FF0004CB6E718
:1009700011F4801F04BF01430020B4F1FD0C88BFB7
:10098000BCF5E06F3FF6AFAEB5EB030C04BFB6EBC2
:10099000020C5FEA500C50F1000041EB045170BDB5
:1009A0000EF0004E4EEA113114EB5C04C2BFD4EBE2
:1009B0000C0541EA045170BD41F480114FF0000E66
:1009C000013C90E645EA060E8DE60CEA135594EAE2
:1009D0000C0F08BF95EA0C0F3FF43BAF94EA0C0FE5
:1009E0000AD150EA01347FF434AF95EA0C0F7FF45A
:1009F00025AF104619462CE795EA0C0F06D152EAAE
:100A000003353FF4FDAE1046194622E750EA410691
:100A100018BF52EA43067FF4C5AE50EA41047FF4A2
:100A20000DAF52EA43057FF4EBAE12E74FF0FF3C07
:100A300006E000BF4FF0010C02E000BF4FF0010CD8
:100A40004DF804CD4FEA410C7FEA6C5C4FEA430C51
:100A500018BF7FEA6C5C1BD001B050EA410C0CBFA0
:100A600052EA430C91EA030F02BF90EA020F002002
:100A7000704710F1000F91EA030F58BF994208BF69
:100A800090422CBFD8176FEAE37040F00100704726
:100A90004FEA410C7FEA6C5C02D150EA013C07D17D
:100AA0004FEA430C7FEA6C5CD6D152EA033CD3D0C8
:100AB0005DF8040B704700BF8446104662468C46C2
:100AC0001946634600E000BF01B5FFF7B7FF0028F5
:100AD00048BF10F1000F01BD4DF808EDFFF7F4FF1E
:100AE0000CBF012000205DF808FB00BF4DF808EDA9
:100AF000FFF7EAFF34BF012000205DF808FB00BFCC
:100B00004DF808EDFFF7E0FF94BF012000205DF8ED
:100B100008FB00BF4DF808EDFFF7CEFF94BF0120A2
:100B200000205DF808FB00BF4DF808EDFFF7C4FF9B
:100B300034BF012000205DF808FB00BF4FEA410CE4
:100B40007FEA6C5C02D150EA013C0AD14FEA430CC7
:100B50007FEA6C5C02D152EA033C02D14FF0000004
:100B600070474FF0010070474FEA410212F5001242
:100B700015D211D56FF47873B3EB625212D94FEAE4
:100B8000C12343F0004343EA505311F0004F23FACE
:100B900002F018BF404270474FF00000704750EA23
:100BA000013005D111F0004008BF6FF000407047E0
:100BB0004FF00000704700BF53B94AB9002908BF81
:100BC00000281CBF4FF0FF314FF0FF3000F088B914
:100BD000ADF1080C6DE904CE00F006F8DDF804E094
:100BE000DDE9022304B070472DE9F047089D0F4668
:100BF00004468C46002B48D18A42164661D9B2FA87
:100C000082F34BB1C3F1200201FA03FC20FA02F295
:100C10009E4042EA0C0C9C404FEA164EB7B2BCFB19
:100C2000FEF1220C0EFB11CC42EA0C4201FB07F054
:100C3000904209D9B21801F1FF3C80F0EE80904259
:100C400040F2EB8002393244121AA4B2B2FBFEF039
:100C50000EFB102244EA024400FB07F7A74209D921
:100C6000341900F1FF3280F0DA80A74240F2D780D9
:100C70003444023840EA0140E41B00211DB1DC404D
:100C80000023C5E90043BDE8F0878B4206D90DB1CA
:100C9000C5E9000100210846BDE8F087B3FA83F1F9
:100CA000002948D1BB4202D3824200F20781841A54
:100CB00067EB030201209446002DE4D0C5E9004C07
:100CC000E1E7002A00F09280B2FA82F3002B40F0B4
:100CD000A8808A1A4FEA164E1FFA86FC0121200CC2
:100CE000B2FBFEF70EFB172240EA02420CFB07F0B4
:100CF000904207D9B21807F1FF3802D2904200F2B1
:100D0000E2804746121AA4B2B2FBFEF00EFB10229C
:100D100044EA02440CFB00FCA44507D9341900F155
:100D2000FF3202D2A44500F2CB801046A4EB0C04A3
:100D300040EA0740A2E7C1F120068B4022FA06FCF8
:100D40004CEA030C07FA01F420FA06F3F7404FEAE5
:100D50001C49234300FA01F81FFA8CFEB7FBF9F097
:100D60001C0C09FB107744EA074400FB0EF7A7426E
:100D700002FA01F20AD91CEB040400F1FF3A80F0F8
:100D80009B80A74240F2988002386444E41B9FB2E3
:100D9000B4FBF9F309FB134447EA044403FB0EFEDA
:100DA000A64509D91CEB040403F1FF3780F08280CB
:100DB000A6457FD9023B644443EA0040A4EB0E04FD
:100DC000A0FB02E7BC427346B94663D360D05DB175
:100DD000B8EB030264EB090404FA06F622FA01F305
:100DE0001E43CC40C5E9006400214CE76208480876
:100DF00042EAC1710B0C43EA00438AB242EA034261
:100E0000B3FBF6F1E407B4463746B6461F23B0FB02
:100E1000F6F0D21B41EA004161E7614614E7104653
:100E200028E7C3F1200120FA01F29E4027FA01F1E0
:100E30009F403A434FEA164E1FFA86FCB1FBFEF77D
:100E40000EFB1710110C41EA004107FB0CF8884516
:100E500004FA03F43AD9711807F1FF3001D288453A
:100E60001FD8A1EB0801B1FBFEF808FB0CF70EFB45
:100E7000181192B242EA0142BA422FD2B21808F1D6
:100E8000FF31C6D2BA42C4D2A8F102013244C0E74F
:100E9000F0459CD2BEEB020367EB0C070138B94664
:100EA00095E7A6EB08084144B81EB1FBFEF808FB25
:100EB0000CF7DCE73B467FE7504667E70846FBE672
:100EC0003444023832E7023F32441BE7A1EB080109
:100ED0003846B1FBFEF808FB0CF7C8E7414698E737
:100EE000704700BF80B584B000AF0346FB71FB794B
:100EF00003F01F03DBB2FB73002210210D4801F049
:100F000095FF07F10F01642301220B4805F017F844
:100F100007F10E0164230122074805F054F901226C
:100F20001021044801F082FFBB7B18461037BD46F4
:100F300080BD00BF000002407803002080B584B06F
:100F400000AF03460A46FB711346BB7197F90730A1
:100F500003F01F035BB243F020035BB2DBB23B73D1
:100F6000BB797B7300221021094801F05FFF07F174
:100F70000C0164230222074804F0E1FF0122102142
:100F8000034801F053FF00BF1037BD4680BD00BFCE
:100F9000000002407803002080B584B000AF034613
:100FA0003960FB711346BB7197F9073003F01F03DB
:100FB0005BB243F020035BB2DBB2FB730022102173
:100FC0000C4801F033FF07F10F01642301220A48A6
:100FD00004F0B5FFBB799AB264233968064804F07F
:100FE000AEFF01221021034801F020FF00BF10379F
:100FF000BD4680BD000002407803002080B582B06D
:1010000000AF002208211C4801F010FF012101203F
:10101000FFF794FF01210220FFF790FF0321032037
:10102000FFF78CFF73210520FFF788FF262106209C
:10103000FFF784FF0E211120FFF780FF0F4A3B4688
:1010400092E803001860043319703B4605221946E4
:101050000A20FFF7A1FF0F210020FFF76FFF0220FA
:1010600001F02AFC01220821034801F0DFFE00BF45
:101070000837BD4680BD00BF00000240C8E600083A
:1010800080B582B000AF0720FFF72CFF0346FB714D
:10109000FB79FF2B0AD0FB7903F04003002B05D02E
:1010A00040210720FFF74AFF012300E000231846F4
:1010B0000837BD4680BD000080B584B000AF7860C1
:1010C0006123FB7300221021154801F0AFFE07F1E8
:1010D0000F0164230122134804F031FF64230E2220
:1010E0007968104805F06FF8012210210C4801F0D2
:1010F0009DFEE223FB7300221021094801F096FEB9
:1011000007F10F0164230122064804F018FF0122B1
:101110001021034801F08AFE00BF1037BD4680BD94
:10112000000002407803002080B584B000AF7860F2
:10113000124B1B78002B1AD101F0B2FBF86009E0CA
:1011400001F0AEFB0246FB68D31A052B11D8012033
:1011500001F0B2FB7868FFF793F803469BB219469B
:10116000786809F049FE0346012BE9D002E000BF90
:1011700000E000BF1037BD4680BD00BF000000206A
:1011800080B594B000AFF860B9607A607B68DA68C7
:1011900007F110034E4918460AF0A0FF07F11003AB
:1011A0001846FFF7C1FFBB68002B05D1FB681B6821
:1011B0007A6812685A6316E0BB68042B05D1FB6895
:1011C0001A687B681B6893630DE0BB68082B05D128
:1011D000FB681A687B681B68D36304E0FB681A68C5
:1011E0007B681B6813644FF4FA7001F065FBBB6801
:1011F000002B05D1FB681B687A6852685A6316E0B9
:10120000BB68042B05D1FB681A687B685B68936335
:101210000DE0BB68082B05D1FB681A687B685B682A
:10122000D36304E0FB681A687B685B6813644FF45F
:10123000167001F041FBBB68002B05D1FB681B68F1
:101240007A6892685A6316E0BB68042B05D1FB6884
:101250001A687B689B6893630DE0BB68082B05D117
:10126000FB681A687B689B68D36304E0FB681A68B4
:101270007B689B6813644FF4167001F01DFBBB681C
:10128000002B05D1FB681B687A6812685A6316E068
:10129000BB68042B05D1FB681A687B681B689363E5
:1012A0000DE0BB68082B05D1FB681A687B681B68DA
:1012B000D36304E0FB681A687B681B6813644FF40F
:1012C000FA7001F0F9FA00BF5037BD4680BD00BF8B
:1012D00020E7000880B483B000AF03460A46FB80D5
:1012E0001346BB80B7F90620B7F904305B429A4237
:1012F00007DDB7F90620B7F904309A4201DA002376
:1013000001E0B7F9063018460C37BD465DF8047B9E
:10131000704780B489B000AFF860B9607A603B6014
:10132000FA68BB68D31AB96A3A688A1A03FB02F2F0
:101330007968BB68CB1A92FBF3F33A681344FB61FC
:10134000BA6A3B689342A8BF1346BB61BA6A3B685E
:101350009342B8BF13467B61FA69BB699A4201DACE
:10136000BB6906E0FA697B699A4201DD7B6900E0AE
:10137000FB6918462437BD465DF8047B70470000C2
:10138000B0B52DED028BADF5047D06AF01F022FA6C
:1013900000F026FC00F008FE00F0BCFC00F0E0FDD0
:1013A00009F06CFC00F0ECFC00F076FD00F084FC31
:1013B00001221021A64801F039FD00220821A4488D
:1013C00001F034FDA348FFF7AFFE0023C7F8F43166
:1013D0000123A7F8F23122E0B7F8F2315B0099B2AD
:1013E0000A2302229C4802F0ABF90346002B11D1DC
:1013F000B7F8F22107F5B273984918460AF06EFE65
:1014000007F5B2731846FFF78FFED7F8F4310133B2
:10141000C7F8F431B7F8F2310133A7F8F231B7F871
:10142000F2317F2BD8D9D7F8F431002B03D18C4877
:10143000FFF77AFE02E08B48FFF776FE07F5A2730E
:10144000DFED892A9FED892ADFED891A9FED891A40
:10145000DFED890AB2EE0E0A184600F025FE07F508
:101460009273DFED812A9FED812ADFED811A9FEDD6
:10147000811ADFED810AB2EE0E0A184600F014FE62
:101480004FF47A7001F018FA00217C4805F03EFB19
:1014900004217A4805F03AFB0821784805F036FB2C
:1014A0000821774805F032FB0C21754805F02EFB2A
:1014B000724B1B68734A12689A63704B1B68724ABE
:1014C0001268DA636E4B1B68704A1268DA636C4B01
:1014D0001B686F4A12681A646E48FFF725FE6E4853
:1014E000FFF722FE6D48FFF71FFE64230222D02182
:1014F000594802F025F90346002B3BD16848FFF715
:1015000013FE07F5FC73A3F2651300221A7064231F
:1015100002930123019307F19303009301237522A2
:10152000D0214D4801F0DAFE07F5FC73A3F26513F4
:101530001B781A463B1D5B4918460AF0CFFD3B1D40
:101540001846FFF7F1FD07F5FC73A3F5B37300220E
:101550001A70642302930123019307F1920300930D
:1015600001236B22D0213C4801F0BEFD4E48FFF71D
:10157000DBFD02E04D48FFF7D7FD404B1B684FF401
:1015800061725A634FF47A6001F096F94848FFF7A8
:10159000CBFD3A4B1B6840F27E425A6340F2DC506E
:1015A00001F08AF9354B1B684FF461725A634FF4AE
:1015B0007A7001F081F93F48FFF7B6FD314A042106
:1015C0002E48FFF7DDFD304A08212C48FFF7D8FDF3
:1015D0002E4A08212A48FFF7D3FD2D4A0C2128481E
:1015E000FFF7CEFD3448FFF79FFDFFF707FD07200B
:1015F000FFF778FC034687F8D7310620FFF772FC27
:10160000034687F8D6310520FFF76CFC034687F8C0
:10161000D53197F8D72197F8D61197F8D53107F13A
:10162000A40000930B4625490AF058FD07F1A403D6
:101630001846FFF779FD97F8D731002B03D097F8BC
:10164000D731FF2B3ED11E48FFF76EFD3DE000BFB6
:101650000000024030E700082403002058E700089B
:1016600084E70008C0E700080000C84200007A4490
:1016700000007AC4CDCCCC3D00000000D003002097
:101680001804002004000020140000202400002082
:1016900034000020DCE70008F8E7000820E8000834
:1016A00038E8000868E8000898E80008B8E800088A
:1016B000E8E8000800E9000820E9000850E900080F
:1016C00084E900086548FFF72FFD01224FF400511F
:1016D000634801F0ABFB4FF00003C7F8EC314FF06B
:1016E0000003C7F8E8314FF00003C7F8E4314FF4C6
:1016F0007E43A7F8D23140F2FF13A7F8D031FFF7AD
:10170000BFFC0346002B00F0B68007F19403184697
:10171000FFF7D2FC01F0C4F80346524A136007F504
:10172000FC73A3F5B273B3F9003064211846FFF7D8
:10173000D1FD03461A4607F5FC73A3F5B2731A8070
:1017400007F5FC73A3F5B273B3F9023064211846B0
:10175000FFF7C0FD03461A4607F5FC73A3F5B27305
:101760005A8007F5FC73A3F5B273B3F90430642112
:101770001846FFF7AFFD03461A4607F5FC73A3F5BD
:10178000B2739A8007F5FC73A3F5B273B3F9063010
:1017900064211846FFF79EFD03461A4607F5FC73C1
:1017A000A3F5B273DA8007F5FC73A3F5B273B3F94E
:1017B00002301846B7F9D211B7F9D0212D23009382
:1017C0006FF02C03FFF7A5FD07EE900AF8EEE77A1D
:1017D000C7ED7B7A07F5FC73A3F5B273B3F9063056
:1017E0001846B7F9D211B7F9D0212D2300936FF025
:1017F0002C03FFF78EFD07EE900AF8EEE77AC7EDAF
:101800007A7A07F5FC73A3F5B273B3F9003007EEEB
:10181000903AF8EEE77AC7ED797A07F5FC73A3F50D
:10182000B2731B7B012B21D107F5FC73A3F5B273B7
:10183000B3F90A3018464FF4FA6300934FF461731A
:1018400040F2FF320021FFF764FD0346C7F8CC31B8
:10185000054B1B68D7F8CC215A630CE0ACE90008B3
:1018600000080240A8040020D0030020C44B1B68DD
:101870004FF461725A6301F013F80246C14B1B68C2
:10188000D31AB3F5FA7F1BD9BD4B1B684FF46172B5
:101890005A634FF00003C7F8EC31BB4BC7F8E8318F
:1018A000BA4B1A68B94B9968B84B1B68CB1A9B089E
:1018B0001344C7F8C831B64B1B68D7F8C8211A645F
:1018C00000F0EEFF0246B34B1B68D31A142B7FF6D1
:1018D00016AF00F0E5FF0246AE4B1B68D31A07EEC9
:1018E000903AB8EE677ADFEDAC6AC7EE267AC7EDBC
:1018F000717A00F0D5FF0346A64A13606423029371
:101900000E23019307F18403009301233B22D0218E
:10191000A24801F0E3FC0346002B7FF4F0AE07F58C
:10192000FC73A3F5BA731B781BB21B021AB207F53E
:10193000FC73A3F5BA735B781BB213431BB207EEBB
:10194000903AF8EEE77AC7ED707A07F5FC73A3F5E5
:10195000BA739B781BB21B021AB207F5FC73A3F58E
:10196000BA73DB781BB213431BB207EE903AF8EE62
:10197000E77AC7ED6F7A07F5FC73A3F5BA731B79A5
:101980001BB21B021AB207F5FC73A3F5BA735B799D
:101990001BB213431BB207EE903AF8EEE77AC7ED9D
:1019A0006E7AD7ED6E0A97ED6F0A0CF0D7FCF0EE69
:1019B000407A9FED7B7A67EE877AC7ED6D7AD7ED37
:1019C000707AB1EE678AD7ED6F7A27EEA77AD7EDF6
:1019D0006E7A67EEA77A77EE277AB0EE670A0CF098
:1019E000BFFCF0EE407AF0EE670AB0EE480A0CF069
:1019F000B5FCF0EE407A9FED6A7A67EE877AC7ED24
:101A00006C7A07F5A27397ED711AD7ED6D0A97ED11
:101A10007B0A184600F072FB87ED6B0A07F592739C
:101A200097ED711AD7ED6C0A97ED7A0A184600F017
:101A300065FB87ED6A0A5B4B1B68D7ED6B7AFDEEA1
:101A4000E77A17EE902A1344C7F8E031564B1B682B
:101A5000D7ED6B7AFDEEE77A17EE902A1344C7F8BC
:101A6000DC31524B1B68D7ED6A7AFDEEE77A17EE50
:101A7000902A1344C7F8D831D7ED797AFDEEE77A8A
:101A8000B7F9D211B7F9D021404B5B6818463F4BEC
:101A90009B680093034617EE900AFFF73AFCC7F8DD
:101AA000A401404B9A68D7F8E0319A4203D23D4BEB
:101AB0009B68C7F8E0313B4B5A68D7F8E0319A424F
:101AC00003D9384B5B68C7F8E031374B9A68D7F8D1
:101AD000DC319A4203D2344B9B68C7F8DC31324B7D
:101AE0005A68D7F8DC319A4203D92F4B5B68C7F8A4
:101AF000DC312E4B9A68D7F8D8319A4203D22B4B5F
:101B00009B68C7F8D831294B5A68D7F8D8319A4220
:101B100003D9264B5B68C7F8D831194B1B68D7F837
:101B2000E0219A63164B1B68D7F8DC21DA63184B67
:101B30001B68D7F8D821DA63154B1B68D7F8A421A6
:101B40001A6400F0ADFE0246194B1B68D31AB3F5B8
:101B5000FA7F7FF6D4AD00F0A3FE0346144A13606B
:101B6000D7F8B401FEF7F8FC04460D46D7F8B001EB
:101B7000FEF7F2FC02460B46381DD7F8D81119E0E3
:101B8000D0030020A80400200000204134000020E1
:101B900018040020AC04002000007A442403002034
:101BA000E02E6542040000201400002024000020E4
:101BB000B00400200491CDE90223D7F8DC31019371
:101BC000D7F8E031009322462B4604490AF086FA02
:101BD0003B1D1846FFF7A8FA91E500BFCCE90008C5
:101BE00080B594B000AF07F12003302200211846E1
:101BF0000AF0DAFA07F10C0300221A605A609A60C0
:101C0000DA601A610023BB60294B1B6C284A43F041
:101C100080531364264B1B6C03F08053BB60BB687E
:101C200000237B60234B1B6823F44043214A43F489
:101C3000004313601F4B1B6803F440437B607B68C9
:101C400001233B624FF480337B620223BB634FF47A
:101C50008003FB6319233B644FF4A8737B64042364
:101C6000BB640723FB6407F12003184603F09CFCC8
:101C70000346002B01D000F011FA0F23FB60022372
:101C80003B6100237B614FF48053BB610023FB6108
:101C900007F10C030221184603F0FEFE0346002B59
:101CA00001D000F0FBF900BF5037BD4680BD00BF3A
:101CB000003802400070004080B500AF124B134A5C
:101CC0001A60114B124A5A600F4B00229A600E4B59
:101CD0000022DA600C4B4FF480421A610A4B00225A
:101CE0005A61094B00229A61074B0022DA61064BC8
:101CF00000221A62044801F0B3F80346002B01D019
:101D000000F0CCF900BF80BD240300200054004047
:101D1000A086010080B500AF174B184A1A60164B19
:101D20004FF482725A60144B00229A60124B0022C8
:101D3000DA60114B00221A610F4B00225A610E4BE0
:101D40004FF400729A610C4B1022DA610A4B0022A8
:101D50001A62094B00225A62074B00229A62064B14
:101D60000A22DA62044804F061F80346002B01D02D
:101D700000F094F900BF80BD7803002000300140DE
:101D800080B58EB000AF07F1280300221A605A60B8
:101D90009A60DA6007F1200300221A605A603B1D46
:101DA00000221A605A609A60DA601A615A619A6178
:101DB000384B4FF080421A60364B53225A60354BF5
:101DC00000229A60334B44F61F62DA60314B0022E6
:101DD0001A61304B00229A612E4804F0F9FD034647
:101DE000002B01D000F05AF94FF48053BB6207F189
:101DF00028031946274804F0FBFF0346002B01D0B7
:101E000000F04CF9234804F032FE0346002B01D0C9
:101E100000F044F900233B6200237B6207F12003BA
:101E200019461C4805F07EFB0346002B01D000F04C
:101E300035F960237B600023BB600023FB60002337
:101E40007B613B1D00221946124804F00FFF034638
:101E5000002B01D000F022F93B1D042219460D4849
:101E600004F004FF0346002B01D000F017F93B1DDE
:101E700008221946074804F0F9FE0346002B01D05A
:101E800000F00CF9034800F009FB00BF3837BD46ED
:101E900080BD00BFD003002080B58AB000AF07F13D
:101EA000200300221A605A603B1D00221A605A600B
:101EB0009A60DA601A615A619A61274B274A1A6060
:101EC000254B53225A60244B00229A60224B44F641
:101ED0001F62DA60204B00221A611F4B00229A61B8
:101EE0001D4804F0C4FD0346002B01D000F0D6F8D5
:101EF00000233B6200237B6207F12003194616484A
:101F000005F010FB0346002B01D000F0C7F860235A
:101F10007B600023BB600023FB6000237B613B1DD3
:101F2000082219460C4804F0A1FE0346002B01D0FC
:101F300000F0B4F83B1D0C221946074804F096FE49
:101F40000346002B01D000F0A9F8034800F0A6FAE0
:101F500000BF2837BD4680BD1804002000040040A3
:101F600080B500AF0E4B0F4A1A600D4B53225A60DA
:101F70000B4B00229A600A4B4FF6FF72DA60084B57
:101F800000221A61064B00229A61054804F020FDE8
:101F90000346002B01D000F081F800BF80BD00BFD8
:101FA000600400200048014080B58AB000AF07F10E
:101FB000140300221A605A609A60DA601A610023E2
:101FC0003B61334B1B6B324A43F004031363304BCA
:101FD0001B6B03F004033B613B690023FB602C4B4C
:101FE0001B6B2B4A43F080031363294B1B6B03F0DD
:101FF0008003FB60FB680023BB60254B1B6B244AFE
:1020000043F001031363224B1B6B03F00103BB601E
:10201000BB6800237B601E4B1B6B1D4A43F0020311
:1020200013631B4B1B6B03F002037B607B68002276
:102030004FF40051174800F0F9FE0122082116481C
:1020400000F0F4FE00221021134800F0EFFE4FF4E0
:1020500000537B610123BB610023FB6100233B62D2
:1020600007F1140319460B4800F05CFD18237B614F
:102070000123BB610023FB6100233B6207F11403D2
:102080001946054800F04EFD00BF2837BD4680BD0B
:1020900000380240000802400000024080B400AF57
:1020A00072B600BF00BFFDE780B588B000AFF86131
:1020B00087ED060AC7ED050A87ED041AC7ED031A76
:1020C00087ED022AC7ED012AFB69BA691A60FB692C
:1020D0007A695A60FB693A699A60FB69FA685A61E1
:1020E000FB69BA689A61FB697A68DA61F86900F09D
:1020F000B3F800BF2037BD4680BD000080B48BB070
:1021000000AFF86087ED020AC7ED010A87ED001AFB
:1021100097ED027AD7ED017A77EE677AC7ED087A04
:10212000D7ED007AF5EEC07AF1EE10FA01D8494BFE
:102130003B60FB68D3ED007A97ED087A67EE277A6B
:10214000C7ED077AFB6893ED037AD7ED086AD7ED00
:10215000007A66EEA77A77EE277AFB68C3ED037AFA
:10216000FB6893ED037AFB68D3ED077AB4EEE77A68
:10217000F1EE10FA04DDFB68DA69FB68DA6014E05E
:10218000FB6893ED037AFB68D3ED077AF1EE677A8B
:10219000B4EEE77AF1EE10FA07D5FB68D3ED077AD3
:1021A000F1EE677AFB68C3ED037AFB6893ED017A81
:1021B000FB68D3ED037A67EE277AC7ED067AFB68F2
:1021C000D3ED047A97ED087A77EE676A97ED007A97
:1021D000C6EE877AC7ED057AFB68D3ED027A97EDF4
:1021E000057A67EE277AC7ED047AFB683A6A1A61C6
:1021F00097ED077AD7ED067A77EE277A97ED047A8E
:1022000077EE277AC7ED097AFB68D3ED067A97ED6A
:10221000097AB4EEE77AF1EE10FA03DDFB689B6908
:102220007B620CE0FB68D3ED057A97ED097AB4EE9A
:10223000E77AF1EE10FA02D5FB685B697B627B6A94
:1022400007EE903AB0EE670A2C37BD465DF8047B86
:10225000704700BF6F12833A80B483B000AF7860DC
:102260007B684FF00002DA607B684FF000021A6171
:1022700000BF0C37BD465DF8047B704780B483B067
:1022800000AF00237B60104B5B6C0F4A43F480432C
:1022900053640D4B5B6C03F480437B607B680023CD
:1022A0003B60094B1B6C084A43F080531364064B98
:1022B0001B6C03F080533B603B6800BF0C37BD468E
:1022C0005DF8047B704700BF0038024080B58AB0DB
:1022D00000AF786007F1140300221A605A609A6018
:1022E000DA601A617B681B68194A93422BD100237C
:1022F0003B61184B1B6B174A43F002031363154BEA
:102300001B6B03F002033B613B69C0237B6112231B
:10231000BB610123FB6103233B6204237B6207F162
:10232000140319460C4800F0FDFB0023FB60094B29
:102330001B6C084A43F400131364064B1B6C03F434
:102340000013FB60FB6800BF2837BD4680BD00BF9F
:1023500000540040003802400004024080B58AB0BA
:1023600000AF786007F1140300221A605A609A6087
:10237000DA601A617B681B68194A93422BD10023EB
:102380003B61184B5B6C174A43F480535364154B05
:102390005B6C03F480533B613B690023FB60114B92
:1023A0001B6B104A43F0010313630E4B1B6B03F0CE
:1023B0000103FB60FB68E0237B610223BB61002318
:1023C000FB6103233B6205237B6207F1140319467B
:1023D000054800F0A7FB00BF2837BD4680BD00BF01
:1023E00000300140003802400000024080B485B057
:1023F00000AF78607B681B68B3F1804F0ED100237B
:10240000FB60134B1B6C124A43F001031364104B27
:102410001B6C03F00103FB60FB6812E07B681B6828
:102420000C4A93420DD10023BB60094B5B6C084AF8
:1024300043F480235364064B5B6C03F48023BB603E
:10244000BB6800BF1437BD465DF8047B704700BF12
:10245000003802400048014080B485B000AF786089
:102460007B681B680B4A93420DD10023FB600A4B2B
:102470001B6C094A43F002031364074B1B6C03F007
:102480000203FB60FB6800BF1437BD465DF8047BA8
:10249000704700BF000400400038024080B58AB099
:1024A00000AF786007F1140300221A605A609A6046
:1024B000DA601A617B681B68B3F1804F1ED100237C
:1024C0003B61224B1B6B214A43F0010313631F4BFB
:1024D0001B6B03F001033B613B6907237B61022314
:1024E000BB610023FB6100233B6201237B6207F198
:1024F00014031946164800F015FB22E07B681B68A0
:10250000144A93421DD10023FB60104B1B6B0F4AF2
:1025100043F0020313630D4B1B6B03F00203FB60DC
:10252000FB6803237B610223BB610023FB61002363
:102530003B6202237B6207F114031946064800F050
:10254000F1FA00BF2837BD4680BD00BF0038024009
:1025500000000240000400400004024080B400AFCC
:1025600000BFFDE780B400AF00BFFDE780B400AF5F
:1025700000BFFDE780B400AF00BFFDE780B400AF4F
:1025800000BFFDE780B400AF00BFBD465DF8047B2F
:10259000704780B400AF00BFBD465DF8047B704754
:1025A00080B400AF00BFBD465DF8047B704780B5C6
:1025B00000AF00F061F900BF80BD000080B500AF42
:1025C000024801F0E3FE00BF80BD00BF9C11002067
:1025D00080B400AF01231846BD465DF8047B704708
:1025E00080B582B000AF7860396009F02FFE0346F5
:1025F00016221A604FF0FF3318460837BD4680BDDB
:1026000080B582B000AF78604FF0FF317868FFF797
:10261000E7FF00BFFDE780B586B000AFF860B960A6
:102620007A6000237B610AE0AFF300800146BB685B
:102630005A1CBA60CAB21A707B6901337B617A692D
:102640007B689A42F0DB7B6818461837BD4680BD30
:1026500080B586B000AFF860B9607A6000237B6116
:1026600009E0BB685A1CBA601B781846AFF30080BB
:102670007B6901337B617A697B689A42F1DB7B6815
:1026800018461837BD4680BD80B483B000AF78606F
:102690004FF0FF3318460C37BD465DF8047B70479A
:1026A00080B483B000AF786039603B684FF400526B
:1026B0005A60002318460C37BD465DF8047B70470E
:1026C00080B483B000AF7860012318460C37BD4654
:1026D0005DF8047B704780B485B000AFF860B960E6
:1026E0007A60002318461437BD465DF8047B7047B6
:1026F00080B586B000AF7860144A154BD31A7B6161
:102700007B693B61134B1B68002B02D1114B124AB2
:102710001A60104B1A687B6813443A699A4207D2D0
:1027200009F094FD03460C221A604FF0FF3309E0D4
:10273000084B1B68FB60074B1A687B681344054A0B
:102740001360FB6818461837BD4680BD00000120A5
:1027500000040000B4040020F019002080B400AF91
:10276000064BD3F88830054A43F47003C2F888302A
:1027700000BFBD465DF8047B704700BF00ED00E080
:10278000DFF834D0FFF7EAFF0C480D490D4A00236B
:1027900002E0D458C4500433C4188C42F9D30A4A16
:1027A0000A4C002301E013600432A242FBD309F07B
:1027B00053FDFEF7E5FD70470000012000000020FA
:1027C000080300203CEE000808030020EC1900205C
:1027D000FEE7000080B500AF0E4B1B680D4A43F4C6
:1027E000007313600B4B1B680A4A43F48063136049
:1027F000084B1B68074A43F480731360032000F002
:102800004FF90F2000F008F8FFF738FD00231846B5
:1028100080BD00BF003C024080B582B000AF786050
:10282000124B1A68124B1B7819464FF47A73B3FB9C
:10283000F1F3B2FBF3F3184600F067F90346002BFF
:1028400001D001230EE07B680F2B0AD800227968A3
:102850004FF0FF3000F02FF9064A7B681360002329
:1028600000E0012318460837BD4680BD4400002023
:102870004C0000204800002080B400AF064B1B78BD
:102880001A46064B1B681344044A136000BFBD463A
:102890005DF8047B704700BF4C000020B8040020A6
:1028A00080B400AF034B1B681846BD465DF8047B3F
:1028B000704700BFB804002080B584B000AF7860D6
:1028C000FFF7EEFFB8607B68FB60FB68B3F1FF3F8A
:1028D00005D00A4B1B781A46FB681344FB6000BF07
:1028E000FFF7DEFF0246BB68D31AFA689A42F7D8B0
:1028F00000BF00BF1037BD4680BD00BF4C000020A8
:1029000080B485B000AF78607B6803F00703FB609C
:102910000C4BDB68BB60BA684FF6FF031340BB602B
:10292000FB681A02BB68134343F0BF6343F40033F0
:10293000BB60044ABB68D36000BF1437BD465DF876
:10294000047B704700ED00E080B400AF044BDB680F
:102950001B0A03F007031846BD465DF8047B704769
:1029600000ED00E080B483B000AF0346FB7197F93F
:102970000730002B0BDBFB7903F01F02074997F9A7
:1029800007305B09012000FA02F241F8232000BF62
:102990000C37BD465DF8047B704700BF00E100E0E6
:1029A00080B483B000AF03463960FB7197F90730FC
:1029B000002B0ADB3B68DAB20C4997F907301201A9
:1029C000D2B20B4483F800230AE03B68DAB208492C
:1029D000FB7903F00F03043B1201D2B20B441A76C9
:1029E00000BF0C37BD465DF8047B704700E100E096
:1029F00000ED00E080B489B000AFF860B9607A60A3
:102A0000FB6803F00703FB61FB69C3F10703042BB9
:102A100028BF0423BB61FB690433062B02D9FB6981
:102A2000033B00E000237B614FF0FF32BB6902FAF9
:102A300003F3DA43BB681A407B699A404FF0FF31D9
:102A40007B6901FA03F3D9437B680B4013431846B3
:102A50002437BD465DF8047B7047000080B582B026
:102A600000AF78607B68013BB3F1807F01D3012325
:102A70000FE00A4A7B68013B53600F214FF0FF30A3
:102A8000FFF78EFF054B00229A60044B07221A6065
:102A9000002318460837BD4680BD00BF10E000E0A7
:102AA00080B582B000AF78607868FFF729FF00BF7B
:102AB0000837BD4680BD80B586B000AF0346B9601B
:102AC0007A60FB7300237B61FFF73EFF78617A68D1
:102AD000B9687869FFF78EFF024697F90F30114603
:102AE0001846FFF75DFF00BF1837BD4680BD80B5B3
:102AF00082B000AF0346FB7197F907301846FFF725
:102B000031FF00BF0837BD4680BD80B582B000AF41
:102B100078607868FFF7A2FF034618460837BD467D
:102B200080BD000080B489B000AF786039600023B8
:102B30007B6100233B610023BB610023FB6159E102
:102B40000122FB6902FA03F37B613B681B687A6927
:102B500013403B613A697B699A4240F048813B6887
:102B60005B6803F00303012B05D03B685B6803F04F
:102B70000303022B30D17B689B68BB61FB695B0060
:102B8000032202FA03F3DB43BA691340BB613B68DB
:102B9000DA68FB695B0002FA03F3BA691343BB61AD
:102BA0007B68BA699A607B685B68BB610122FB69DC
:102BB00002FA03F3DB43BA691340BB613B685B680D
:102BC0001B0903F00102FB6902FA03F3BA6913431C
:102BD000BB617B68BA695A603B685B6803F00303BA
:102BE000032B17D07B68DB68BB61FB695B000322AA
:102BF00002FA03F3DB43BA691340BB613B689A688E
:102C0000FB695B0002FA03F3BA691343BB617B689B
:102C1000BA69DA603B685B6803F00303022B23D1D7
:102C2000FB69DA087B68083253F82230BB61FB6924
:102C300003F007039B000F2202FA03F3DB43BA6998
:102C40001340BB613B681A69FB6903F007039B00F3
:102C500002FA03F3BA691343BB61FB69DA087B68C4
:102C60000832B96943F822107B681B68BB61FB69B5
:102C70005B00032202FA03F3DB43BA691340BB6132
:102C80003B685B6803F00302FB695B0002FA03F335
:102C9000BA691343BB617B68BA691A603B685B68B9
:102CA00003F44033002B00F0A2800023FB60574B5D
:102CB0005B6C564A43F480435364544B5B6C03F49F
:102CC0008043FB60FB68524AFB699B08023352F861
:102CD0002330BB61FB6903F003039B000F2202FA60
:102CE00003F3DB43BA691340BB617B68494A9342F3
:102CF00019D07B68484A934213D07B68474A934275
:102D00000DD07B68464A934207D07B68454A934280
:102D100001D1042308E0072306E0032304E0022393
:102D200002E0012300E00023FA6902F003029200AE
:102D30009340BA691343BB613549FB699B08023371
:102D4000BA6941F82320384B9B68BB613B69DB4380
:102D5000BA691340BB613B685B6803F48013002BC6
:102D600003D0BA693B691343BB612F4ABB699360C7
:102D70002D4BDB68BB613B69DB43BA691340BB6128
:102D80003B685B6803F40013002B03D0BA693B690E
:102D90001343BB61244ABB69D360234B5B68BB61AF
:102DA0003B69DB43BA691340BB613B685B6803F472
:102DB0000033002B03D0BA693B691343BB611A4A45
:102DC000BB695360184B1B68BB613B69DB43BA6945
:102DD0001340BB613B685B6803F48033002B03D076
:102DE000BA693B691343BB610F4ABB691360FB6956
:102DF0000133FB61FB690F2B7FF6A2AE00BF00BF62
:102E00002437BD465DF8047B704700BF00380240A0
:102E10000038014000000240000402400008024067
:102E2000000C024000100240003C014080B483B01E
:102E300000AF78600B467B8013467B707B78002B5D
:102E400003D07A887B689A6103E07B881A047B68E8
:102E50009A6100BF0C37BD465DF8047B70470000E7
:102E600080B584B000AF78607B68002B01D101236E
:102E70002BE17B6893F83D30DBB2002B06D17B68F9
:102E8000002283F83C207868FFF720FA7B68242230
:102E900083F83D207B681B681A687B681B6822F0FA
:102EA00001021A607B681B681A687B681B6842F421
:102EB00000421A607B681B681A687B681B6822F4F2
:102EC00000421A6002F09EFFF8607B685B68814AEE
:102ED000934207D8FB68804A934294BF01230023A2
:102EE000DBB206E0FB687D4A934294BF01230023D6
:102EF000DBB2002B01D00123E7E0FB68784AA2FB9C
:102F000003239B0CBB607B681B685B6823F03F015D
:102F10007B681B68BA680A435A607B681B681B6A37
:102F200023F03F017B685B686A4A934202D8BB6822
:102F3000013309E0BB684FF4967202FB03F3694A60
:102F4000A2FB03239B0901337A6812680B431362C7
:102F50007B681B68DB6923F44F4222F0FF027B6829
:102F60005B685C498B4219D8FB68591E7B685B68BB
:102F70005B00B1FBF3F3591C40F6FC730B40002BD4
:102F80000AD0FB68591E7B685B685B00B1FBF3F3FA
:102F90000133C3F30B0351E004234FE07B689B68CC
:102FA000002B11D1FB68581E7B6859680B465B00EB
:102FB0000B44B0FBF3F30133C3F30B03002B0CBF43
:102FC00001230023DBB212E0FB68581E7B685968BE
:102FD0000B469B000B4499000B44B0FBF3F3013309
:102FE000C3F30B03002B0CBF01230023DBB2002B28
:102FF00001D0012322E07B689B68002B0ED1FB6887
:10300000581E7B6859680B465B000B44B0FBF3F31A
:103010000133C3F30B0343F400430FE0FB68581E76
:103020007B6859680B469B000B4499000B44B0FB2E
:10303000F3F30133C3F30B0343F4404379680968A6
:103040001343CB617B681B681B6823F0C0017B685E
:10305000DA697B681B6A1A437B681B680A431A603B
:103060007B681B689B6823F4034323F0FF037A68A3
:1030700011697A68D26811437A6812680B439360C9
:103080007B681B68DB6823F0FF017B685A697B68FB
:103090009B691A437B681B680A43DA607B681B687C
:1030A0001A687B681B6842F001021A607B68002284
:1030B0001A647B68202283F83D207B6800221A6313
:1030C0007B68002283F83E20002318461037BD4657
:1030D00080BD00BFA08601007F841E00FF083D0068
:1030E00083DE1B43D34D621080B588B002AFF86019
:1030F000084611461A4603467B810B463B81134620
:10310000FB80FFF7CDFB7861FB6893F83D30DBB2C5
:10311000202B40F0D9807B690093192301226D494F
:10312000F86800F0B9FD0346002B01D00223CCE083
:10313000FB6893F83C30012B01D10223C5E0FB680A
:10314000012283F83C20FB681B681B6803F0010325
:10315000012B07D0FB681B681A68FB681B6842F0EC
:1031600001021A60FB681B681A68FB681B6822F47E
:1031700000621A60FB68212283F83D20FB68402230
:1031800083F83E20FB6800221A64FB683A6A5A62A0
:10319000FB68BA8C5A85FB685B8D9AB2FB681A850E
:1031A000FB684D4ADA62F8883A8979897B6901932C
:1031B000BB6A00930346F86800F0F0FB0346002B5F
:1031C00052D0012381E07A69B96AF86800F07EFE86
:1031D0000346002B0DD0FB681B6C042B07D1FB684A
:1031E0001B681A68FB681B6842F400721A600123AE
:1031F0006BE0FB685B6A1A78FB681B681A61FB6806
:103200005B6A5A1CFB685A62FB681B8D013B9AB2D1
:10321000FB681A85FB685B8D9BB2013B9AB2FB6829
:103220005A85FB681B685B6903F00403042B1BD100
:10323000FB681B8D002B17D0FB685B6A1A78FB6854
:103240001B681A61FB685B6A5A1CFB685A62FB6860
:103250001B8D013B9AB2FB681A85FB685B8D9BB2A4
:10326000013B9AB2FB685A85FB681B8D002BAAD1E3
:103270007A69B96AF86800F071FE0346002B0DD038
:10328000FB681B6C042B07D1FB681B681A68FB6882
:103290001B6842F400721A60012316E0FB681B6889
:1032A0001A68FB681B6842F400721A60FB682022EF
:1032B00083F83D20FB68002283F83E20FB68002253
:1032C00083F83C20002300E0022318461837BD464F
:1032D00080BD00BF020010000000FFFF80B58CB071
:1032E00002AFF860084611461A4603467B810B463A
:1032F0003B811346FB80FFF7D3FA7862FB6893F8B3
:103300003D30DBB2202B40F014827B6A00931923FE
:1033100001227B49F86800F0BFFC0346002B01D076
:10332000022307E2FB6893F83C30012B01D1022312
:1033300000E2FB68012283F83C20FB681B681B68E5
:1033400003F00103012B07D0FB681B681A68FB68B8
:103350001B6842F001021A60FB681B681A68FB6870
:103360001B6822F400621A60FB68222283F83D2069
:10337000FB68402283F83E20FB6800221A64FB6849
:103380003A6B5A62FB68BA8E5A85FB685B8D9AB2BB
:10339000FB681A85FB685B4ADA62F8883A897989A2
:1033A0007B6A0193BB6B00930346F86800F08CFBCB
:1033B0000346002B01D00123BCE1FB681B8D002BD1
:1033C00013D100233B62FB681B685B693B62FB68AF
:1033D0001B689B693B623B6AFB681B681A68FB6859
:1033E0001B6842F400721A6090E1FB681B8D012B90
:1033F0001BD1FB681B681A68FB681B6822F480629B
:103400001A600023FB61FB681B685B69FB61FB685A
:103410001B689B69FB61FB69FB681B681A68FB689A
:103420001B6842F400721A6070E1FB681B8D022B6E
:103430001BD1FB681B681A68FB681B6822F480625A
:103440001A60FB681B681A68FB681B6842F400621C
:103450001A600023BB61FB681B685B69BB61FB688A
:103460001B689B69BB61BB6950E100237B61FB6802
:103470001B685B697B61FB681B689B697B617B697F
:1034800044E1FB681B8D032B00F2F180FB681B8D70
:10349000012B23D17A6AB96BF86800F0A7FD0346C7
:1034A000002B01D0012345E1FB681B681A69FB680A
:1034B0005B6AD2B21A70FB685B6A5A1CFB685A627C
:1034C000FB681B8D013B9AB2FB681A85FB685B8D1C
:1034D0009BB2013B9AB2FB685A8517E1FB681B8DD2
:1034E000022B4ED17B6A0093BB6B00220649F86821
:1034F00000F0D2FB0346002B08D001231AE100BFE5
:10350000020010000000FFFF04000100FB681B68C0
:103510001A68FB681B6842F400721A60FB681B683B
:103520001A69FB685B6AD2B21A70FB685B6A5A1C44
:10353000FB685A62FB681B8D013B9AB2FB681A85D7
:10354000FB685B8D9BB2013B9AB2FB685A85FB68B6
:103550001B681A69FB685B6AD2B21A70FB685B6A07
:103560005A1CFB685A62FB681B8D013B9AB2FB68D0
:103570001A85FB685B8D9BB2013B9AB2FB685A854A
:10358000C4E07B6A0093BB6B00226C49F86800F0D2
:1035900083FB0346002B01D00123CBE0FB681B68B3
:1035A0001A68FB681B6822F480621A60FB681B685B
:1035B0001A69FB685B6AD2B21A70FB685B6A5A1CB4
:1035C000FB685A62FB681B8D013B9AB2FB681A8547
:1035D000FB685B8D9BB2013B9AB2FB685A857B6AA4
:1035E0000093BB6B00225549F86800F055FB034679
:1035F000002B01D001239DE0FB681B681A68FB6863
:103600001B6842F400721A60FB681B681A69FB6849
:103610005B6AD2B21A70FB685B6A5A1CFB685A621A
:10362000FB681B8D013B9AB2FB681A85FB685B8DBA
:103630009BB2013B9AB2FB685A85FB681B681A690A
:10364000FB685B6AD2B21A70FB685B6A5A1CFB6843
:103650005A62FB681B8D013B9AB2FB681A85FB68B6
:103660005B8D9BB2013B9AB2FB685A854EE07A6A49
:10367000B96BF86800F0BAFC0346002B01D00123B7
:1036800058E0FB681B681A69FB685B6AD2B21A7063
:10369000FB685B6A5A1CFB685A62FB681B8D013B26
:1036A0009AB2FB681A85FB685B8D9BB2013B9AB2AC
:1036B000FB685A85FB681B685B6903F00403042BF5
:1036C00024D1FB681B8D032B07D1FB681B681A688C
:1036D000FB681B6822F480621A60FB681B681A6929
:1036E000FB685B6AD2B21A70FB685B6A5A1CFB68A3
:1036F0005A62FB681B8D013B9AB2FB681A85FB6816
:103700005B8D9BB2013B9AB2FB685A85FB681B8DAF
:10371000002B7FF4B6AEFB68202283F83D20FB68C7
:10372000002283F83E20FB68002283F83C2000231F
:1037300000E0022318462837BD4680BD0400010082
:1037400080B58AB002AFF8607A603B600B467B813F
:10375000FFF7A6F8F8610023BB61FB6893F83D30E2
:10376000DBB2202B40F01181FB6900931923012269
:103770008849F86800F090FA0346002B01D0022334
:1037800004E1FB6893F83C30012B01D10223FDE0FA
:10379000FB68012283F83C20FB681B681B6803F070
:1037A0000103012B07D0FB681B681A68FB681B68C4
:1037B00042F001021A60FB681B681A68FB681B680C
:1037C00022F400621A60FB68242283F83D20FB6823
:1037D00000221A64FB68704ADA62FB681B681A6888
:1037E000FB681B6842F480721A60FB6900933B68B7
:1037F00000224FF00111F86800F04EFA0346002B4A
:103800000DD0FB681B681B6803F48073B3F5807FE1
:1038100003D1FB684FF400721A640323B6E07B897E
:10382000DBB21A46FB681B6802F0FE021A61FFF762
:1038300037F8F861FB681B685B6903F00203022B31
:103840000CBF01230023DBB2FB75FB681B685B69BF
:1038500003F48063B3F5806F0CBF01230023DBB258
:10386000BB7525E0FFF71CF80246FB69D31A3A68DE
:103870009A4202D33B68002B03D1FB68A02283F855
:103880003D20FB681B685B6903F00203022B0CBF41
:1038900001230023DBB2FB75FB681B685B6903F443
:1038A0008063B3F5806F0CBF01230023DBB2BB75CF
:1038B000FB6893F83D30DBB2A02B05D0FB7D002BDD
:1038C00002D1BB7D002BCDD0FB68202283F83D20A8
:1038D000FB681B685B6903F00203022B29D1FB68BC
:1038E0001B681A68FB681B6842F400721A600023A8
:1038F0003B61FB681B685B693B61FB681B689B69FC
:103900003B613B69FB690093192301222149F86857
:1039100000F0C2F90346002B01D0012336E0FB681A
:10392000202283F83D20FB68002283F83C200023FE
:103930002CE0FB681B681A68FB681B6842F4007285
:103940001A60FB681B686FF480625A61FB69009320
:10395000192301220F49F86800F09EF90346002B55
:1039600001D0012312E0BB690133BB61BA697B68F6
:103970009A42FFF432AFFB68202283F83D20FB68B7
:10398000002283F83C20012300E002231846203760
:10399000BD4680BD020010000000FFFF80B588B06A
:1039A00002AFF860084611461A4603467B810B4673
:1039B0003B811346FB80FB681B681A68FB681B6829
:1039C00042F480721A607B6A00933B6A00224FF0D7
:1039D0000111F86800F060F90346002B0DD0FB6878
:1039E0001B681B6803F48073B3F5807F03D1FB6809
:1039F0004FF400721A6403235FE07B89DBB21A463E
:103A0000FB681B6802F0FE021A617B6A3A6A2D4964
:103A1000F86800F0BBF90346002B01D001234CE00D
:103A200000237B61FB681B685B697B61FB681B682B
:103A30009B697B617B697A6A396AF86800F046FAAB
:103A40000346002B0DD0FB681B6C042B07D1FB68D1
:103A50001B681A68FB681B6842F400721A60012335
:103A60002BE0FB88012B05D13B89DAB2FB681B6890
:103A70001A6121E03B891B0A9BB2DAB2FB681B6822
:103A80001A617A6A396AF86800F020FA0346002B56
:103A90000DD0FB681B6C042B07D1FB681B681A68F0
:103AA000FB681B6842F400721A60012305E03B8941
:103AB000DAB2FB681B681A61002318461837BD4646
:103AC00080BD00BF0200010080B588B002AFF86081
:103AD000084611461A4603467B810B463B81134636
:103AE000FB80FB681B681A68FB681B6842F48062F5
:103AF0001A60FB681B681A68FB681B6842F48072D6
:103B00001A607B6A00933B6A00224FF00111F8684B
:103B100000F0C2F80346002B0DD0FB681B681B6841
:103B200003F48073B3F5807F03D1FB684FF4007218
:103B30001A640323AAE07B89DBB21A46FB681B6880
:103B400002F0FE021A617B6A3A6A5249F86800F094
:103B50001DF90346002B01D0012397E000237B6170
:103B6000FB681B685B697B61FB681B689B697B6109
:103B70007B697A6A396AF86800F0A8F90346002B75
:103B80000DD0FB681B6C042B07D1FB681B681A68FF
:103B9000FB681B6842F400721A60012376E0FB8820
:103BA000012B05D13B89DAB2FB681B681A6121E061
:103BB0003B891B0A9BB2DAB2FB681B681A617A6AFE
:103BC000396AF86800F082F90346002B0DD0FB68D3
:103BD0001B6C042B07D1FB681B681A68FB681B6809
:103BE00042F400721A60012350E03B89DAB2FB68AC
:103BF0001B681A617A6A396AF86800F067F9034647
:103C0000002B0DD0FB681B6C042B07D1FB681B68D5
:103C10001A68FB681B6842F400721A60012335E0E1
:103C2000FB681B681A68FB681B6842F480721A60A4
:103C30007B6A00933B6A00224FF00111F86800F0A4
:103C40002BF80346002B0DD0FB681B681B6803F4A0
:103C50008073B3F5807F03D1FB684FF400721A6460
:103C6000032313E07B89DBB243F00103DAB2FB6884
:103C70001B681A617B6A3A6A0649F86800F086F8A0
:103C80000346002B01D0012300E00023184618371B
:103C9000BD4680BD0200010080B584B000AFF86071
:103CA000B9603B601346FB7148E03B68B3F1FF3FEE
:103CB00044D0FEF7F5FD0246BB69D31A3A689A4232
:103CC00002D33B68002B39D1BB681B0CDBB2012B44
:103CD0000DD1FB681B685B69DA43BB6813409BB27C
:103CE000002B0CBF01230023DBB21A460CE0FB685B
:103CF0001B689B69DA43BB6813409BB2002B0CBF67
:103D000001230023DBB21A46FB799A4216D1FB68E5
:103D100000221A63FB68202283F83D20FB68002202
:103D200083F83E20FB681B6C43F02002FB681A649A
:103D3000FB68002283F83C20012323E0BB681B0CB6
:103D4000DBB2012B0DD1FB681B685B69DA43BB68F2
:103D500013409BB2002B0CBF01230023DBB21A4699
:103D60000CE0FB681B689B69DA43BB6813409BB29D
:103D7000002B0CBF01230023DBB21A46FB799A42C9
:103D800093D0002318461037BD4680BD80B584B05F
:103D900000AFF860B9607A603B6071E0FB681B6857
:103DA0005B6903F48063B3F5806F23D1FB681B6804
:103DB0001A68FB681B6842F400721A60FB681B6893
:103DC0006FF480625A61FB6800221A63FB6820224C
:103DD00083F83D20FB68002283F83E20FB681B6CC3
:103DE00043F00402FB681A64FB68002283F83C205D
:103DF000012367E07B68B3F1FF3F41D0FEF750FD40
:103E000002463B68D31A7A689A4202D37B68002B39
:103E100036D1BB681B0CDBB2012B0CD1FB681B68D5
:103E20005B69DA43BB6813409BB2002B14BF0123CC
:103E30000023DBB20BE0FB681B689B69DA43BB68BD
:103E400013409BB2002B14BF01230023DBB2002BD5
:103E500016D0FB6800221A63FB68202283F83D20FD
:103E6000FB68002283F83E20FB681B6C43F02002B5
:103E7000FB681A64FB68002283F83C20012321E0E0
:103E8000BB681B0CDBB2012B0CD1FB681B685B69A8
:103E9000DA43BB6813409BB2002B14BF01230023FD
:103EA000DBB20BE0FB681B689B69DA43BB6813401D
:103EB0009BB2002B14BF01230023DBB2002B7FF445
:103EC0006DAF002318461037BD4680BD80B584B065
:103ED00000AFF860B9607A6034E0F86800F0E3F8A9
:103EE0000346002B01D0012334E0BB68B3F1FF3F50
:103EF00028D0FEF7D5FC02467B68D31ABA689A42EE
:103F000002D3BB68002B1DD1FB681B685B6903F003
:103F10008003802B16D0FB6800221A63FB682022E6
:103F200083F83D20FB68002283F83E20FB681B6C71
:103F300043F02002FB681A64FB68002283F83C20EF
:103F4000012307E0FB681B685B6903F08003802B9B
:103F5000C3D1002318461037BD4680BD80B584B05C
:103F600000AFF860B9607A6034E0F86800F09BF860
:103F70000346002B01D0012334E0BB68B3F1FF3FBF
:103F800028D0FEF78DFC02467B68D31ABA689A42A5
:103F900002D3BB68002B1DD1FB681B685B6903F073
:103FA0000403042B16D0FB6800221A63FB6820224E
:103FB00083F83D20FB68002283F83E20FB681B6CE1
:103FC00043F02002FB681A64FB68002283F83C205F
:103FD000012307E0FB681B685B6903F00403042B03
:103FE000C3D1002318461037BD4680BD80B584B0CC
:103FF00000AFF860B9607A6049E0FB681B685B69F4
:1040000003F01003102B19D1FB681B686FF010022E
:104010005A61FB6800221A63FB68202283F83D2066
:10402000FB68002283F83E20FB681A6CFB681A6468
:10403000FB68002283F83C20012330E0FEF730FCCF
:1040400002467B68D31ABA689A4202D3BB68002B37
:104050001DD1FB681B685B6903F04003402B16D041
:10406000FB6800221A63FB68202283F83D20FB686E
:10407000002283F83E20FB681B6C43F02002FB68A3
:104080001A64FB68002283F83C20012307E0FB68E8
:104090001B685B6903F04003402BAED10023184638
:1040A0001037BD4680BD80B483B000AF78607B68B8
:1040B0001B685B6903F48063B3F5806F1BD17B6879
:1040C0001B686FF480625A617B6800221A637B6808
:1040D000202283F83D207B68002283F83E207B6805
:1040E0001B6C43F004027B681A647B68002283F82F
:1040F0003C20012300E0002318460C37BD465DF844
:10410000047B704780B586B002AF78607B68002B77
:1041100001D1012301E17B681B68BB607B6893F8D8
:104120009534DBB2002B06D17B68002283F89424FF
:10413000786806F0A9FF7B68032283F89524BB68A2
:10414000B3F1A04F02D17B6800229A717B681B6893
:10415000184603F06CFB7B6818687B681A7C8DF846
:10416000002004330ECB03F04BFA0346002B05D09E
:104170007B68022283F895240123CEE07B681B68CC
:104180000021184603F064FB0346002B05D07B6832
:10419000022283F895240123BFE00023FB734AE049
:1041A000FA7B79681346DB0013449B000B441533FC
:1041B00001221A70FA7B79681346DB0013449B00D6
:1041C0000B441433FA7B1A70FA7BFB7B98B2796844
:1041D0001346DB0013449B000B442E3302461A8027
:1041E000FA7B79681346DB0013449B000B441833B9
:1041F00000221A70FA7B79681346DB0013449B0097
:104200000B441C3300221A60FA7B79681346DB00EA
:1042100013449B000B44203300221A60FA7B796818
:104220001346DB0013449B000B44243300221A6026
:10423000FB7B0133FB737B681B79FA7B9A42AFD31C
:104240000023FB7344E0FA7B79681346DB001344D8
:104250009B000B4403F2552300221A70FA7B796805
:104260001346DB0013449B000B4403F51573FA7BE4
:104270001A70FA7B79681346DB0013449B000B44E9
:1042800003F5167300221A70FA7B79681346DB0077
:1042900013449B000B4403F5177300221A60FA7B4A
:1042A00079681346DB0013449B000B4403F5187335
:1042B00000221A60FA7B79681346DB0013449B00E6
:1042C0000B4403F5197300221A60FB7B0133FB7367
:1042D0007B681B79FA7B9A42B5D37B6818687B6848
:1042E0001A7C8DF8002004330ECB03F0FDFA034650
:1042F000002B05D07B68022283F8952401230CE073
:104300007B6800225A747B68012283F895247B68BD
:104310001B68184604F047FB002318461037BD46BB
:1043200080BD80B584B000AF78607B681B68FB609F
:104330007B6893F89434012B01D1022322E07B683F
:10434000012283F89424FB68DB6803F04003002B10
:1043500009D07B685B7B012B05D1FB689B6B43F429
:104360008032FB689A637B681B68184603F04EFA3C
:104370007B681B68184604F0F5FA7B68002283F816
:104380009424002318461037BD4680BD90B58DB0EB
:1043900000AF78607B681B683B623B6AFB617B68AF
:1043A0001B68184604F0B3FB0346002B40F08C84D6
:1043B0007B681B68184604F017FB0346002B00F0CF
:1043C0008284FB6903F500639B681B0AC3F30D023B
:1043D0007B68C3F8D4247B681B68184604F004FB90
:1043E000034603F00203022B07D17B681B685A695E
:1043F0007B681B6802F002025A617B681B681846E2
:1044000004F0F2FA034603F01003102B61D17B682D
:104410001B689A697B681B6822F010029A613B6AEC
:104420001B6ABB61BB6903F00F021346DB00134438
:104430009B0003F514737A68134404337B61BB69F2
:1044400003F4F013B3F5802F24D1BA6947F6F07363
:104450001340002B35D07B69D968BB691B099BB21F
:10446000C3F30A039BB21A46386A04F029F97B6940
:10447000DA68BB691B09C3F30A031A447B69DA6073
:104480007B695A69BB691B09C3F30A031A447B6938
:104490005A6116E0BB6903F4F013B3F5402F10D155
:1044A0007B6803F29C4308221946386A04F008F935
:1044B0007B695A69BB691B09C3F30A031A447B6908
:1044C0005A617B681B689A697B681B6842F010021E
:1044D0009A617B681B68184604F086FA034603F469
:1044E0000023B3F5002F40F0A78000237B627B6898
:1044F0001B68184604F08BFAB86299E0BB6A03F0B7
:104500000103002B00F08E807B681B687A6AD2B2B0
:104510001146184604F0AFFA38613B6903F0010315
:10452000002B0CD07B6A5A01FB69134403F53063FE
:104530001A4601239360796A786800F0A3FE3B690C
:1045400003F00803002B0CD07B6A5A01FB6913446B
:1045500003F530631A4608239360796A786800F09F
:1045600079FF3B6903F01003002B08D07B6A5A01E6
:10457000FB69134403F530631A46102393603B69CB
:1045800003F00203002B30D03B6A5B6903F0800329
:10459000802B09D1FB6903F500635B68FA6902F5BA
:1045A000006243F4806353607A6A1346DB0013446D
:1045B0009B0003F514737A68134404337B617B69B1
:1045C000DB78012B08D17B690022DA707B6ADBB2D1
:1045D0001946786806F054FE7B6A5A01FB69134459
:1045E00003F530631A46022393603B6903F020030E
:1045F000002B08D07B6A5A01FB69134403F5306332
:104600001A46202393603B6903F40053002B09D022
:104610007B6A5A01FB69134403F530631A464FF471
:10462000005393607B6A01337B62BB6A5B08BB62A9
:10463000BB6A002B7FF462AF7B681B68184604F0EE
:10464000D3F9034603F48023B3F5802F40F0DB80D9
:104650007B681B68184604F0F4F9B86200237B629B
:10466000CDE0BB6A03F00103002B00F0C2807B6841
:104670001B687A6AD2B21146184604F01AFA3861F9
:104680003B6903F00103002B57D07B6A03F00F0353
:10469000012202FA03F3FB60FB6903F500635A6B26
:1046A000FB68DB43F96901F5006113404B637B6AEA
:1046B0005A01FB69134403F510631A460123936002
:1046C0007B689B79012B32D179687A6A1346DB00CB
:1046D00013449B000B442033196878687A6A1346A8
:1046E000DB0013449B0003441C331B6819447868A7
:1046F0007A6A1346DB0013449B000344203319609D
:104700007B6A002B13D179687A6A1346DB00134465
:104710009B000B4424331B68002B08D17B6818686E
:104720007B6803F29C431A46012104F021FA7B6A5C
:10473000DBB21946786806F028FD3B6903F00803F0
:10474000002B08D07B6A5A01FB69134403F5106300
:104750001A46082393603B6903F01003002B08D02E
:104760007B6A5A01FB69134403F510631A46102350
:1047700093603B6903F04003002B08D07B6A5A0129
:10478000FB69134403F510631A46402393603B69A9
:1047900003F00203002B23D0796A386A03F008FA89
:1047A0007A6A1346DB0013449B0010337A68134483
:1047B00004337B617B69DB78012B08D17B690022A4
:1047C000DA707B6ADBB21946786806F06BFD7B6AAB
:1047D0005A01FB69134403F510631A4602239360E0
:1047E0003B6903F08003002B03D0796A786800F0FE
:1047F000BDFC7B6A01337B62BB6A5B08BB62BB6A40
:10480000002B7FF42EAF7B681B68184604F0ECF891
:10481000034603F00043B3F1004F22D1FB6903F5D7
:1048200000635B68FA6902F5006223F001035360DC
:104830007B6893F8CC34012B08D17B68002283F885
:10484000CC240021786800F0A3FE02E0786806F02E
:1048500009FD7B681B685A697B681B6802F000428F
:104860005A617B681B68184604F0BEF8034603F4DF
:104870000063B3F5006F12D1FB6903F500639B6819
:1048800003F00103012B02D1786806F0C5FC7B68B8
:104890001B685A697B681B6802F400625A617B6876
:1048A0001B68184604F0A0F8034603F48053B3F5E0
:1048B000805F40F0B780FB6903F500635B68FA69CD
:1048C00002F5006223F0010353607B681B6810212E
:1048D000184603F06DF90023FB6246E0FB6A5A01BB
:1048E000FB69134403F510631A464FF67F33936058
:1048F000FB6A5A01FB69134403F510631B68FA6AEB
:104900005101FA690A4402F5106223F4001313609E
:10491000FB6A5A01FB69134403F530631A464FF6EC
:104920007F339360FB6A5A01FB69134403F53063DC
:104930001B68FA6A5101FA690A4402F5306223F4ED
:1049400000131360FB6A5A01FB69134403F53063DB
:104950001B68FA6A5101FA690A4402F5306243F0B1
:1049600000631360FB6A0133FB627B681B791A46A4
:10497000FB6A9342B2D3FB6903F50063DB69FA6912
:1049800002F5006243F00113D3617B68DB7B002BEF
:1049900016D0FB6903F50063D3F88430FA6902F599
:1049A000006243F00B03C2F88430FB6903F5006337
:1049B0005B6CFA6902F5006243F00B03536415E087
:1049C000FB6903F500635B69FA6902F5006243F471
:1049D000005343F02B035361FB6903F500631B692C
:1049E000FA6902F5006243F00B031361FB6903F5FA
:1049F00000631B68FA6902F5006223F4FE6313602A
:104A00007B6818687B6899797B6803F29C431A4637
:104A100004F0AEF87B681B685A697B681B6802F477
:104A200080525A617B681B68184603F0DDFF03461D
:104A300003F40053B3F5005F23D17B681B6818466D
:104A400004F073F87B681B68184603F02AF90346E4
:104A50001A467B68DA717B681C6801F0C7F9014669
:104A60007B68DB791A46204602F02EFE786806F055
:104A7000B4FB7B681B685A697B681B6802F40052B0
:104A80005A617B681B68184603F0AEFF034603F0CB
:104A90000803082B0AD1786806F091FB7B681B6835
:104AA0005A697B681B6802F008025A617B681B68C0
:104AB000184603F099FF034603F08003802B23D1AF
:104AC0003B6A9B6923F080023B6A9A6101237B6207
:104AD00014E079687A6A1346DB0013449B000B44A8
:104AE00003F257231B78012B05D17B6ADBB21946F1
:104AF000786800F00AFB7B6A01337B627B681B7974
:104B00001A467B6A9342E4D37B681B68184603F01D
:104B10006BFF034603F48013B3F5801F3CD10123E0
:104B20007B622BE07B6A5A01FB69134403F5106337
:104B30001B68BB6179687A6A1346DB0013449B00EB
:104B40000B4418331B78012B15D1BB69002B12DAEB
:104B500079687A6A1346DB0013449B000B441733D1
:104B600001221A707B6ADBB263F07F03DBB2194665
:104B7000786800F0CAFA7B6A01337B627B681B7934
:104B80001A467B6A9342CDD37B681B685A697B685F
:104B90001B6802F480125A617B681B68184603F098
:104BA00023FF034603F40013B3F5001F56D101237E
:104BB0007B6245E07B6A5A01FB69134403F530636D
:104BC0001B68BB6179687A6A1346DB0013449B005B
:104BD0000B4403F516731B78012B2ED1BB69002BF8
:104BE0002BDABB691A0C7B68D3F8D434534003F03A
:104BF0000103002B21D179687A6A1346DB00134444
:104C00009B000B4403F2572301221A703B6A9B69F5
:104C100043F080023B6A9A613B6A5B6903F0800360
:104C2000002B0AD1FB6903F500635B68FA6902F5A2
:104C3000006243F40073536008E07B6A01337B62D7
:104C40007B681B791A467B6A9342B3D37B681B68E7
:104C50005A697B681B6802F400125A617B681B6802
:104C6000184603F0C1FE034603F08043B3F1804FC2
:104C70000AD1786806F028FB7B681B685A697B6854
:104C80001B6802F080425A617B681B68184603F07B
:104C9000ABFE034603F00403042B15D17B681B68AD
:104CA0005B68BB61BB6903F00403002B02D078682A
:104CB00006F018FB7B681B6859687B681B68BA693B
:104CC0000A435A6000E000BF3437BD4690BD80B54E
:104CD00082B000AF78600B46FB707B6893F8943429
:104CE000012B01D1022312E07B68012283F8942476
:104CF0007B68FA785A747B681B68FA781146184604
:104D000003F00AFE7B68002283F8942400231846EF
:104D10000837BD4680BD80B584B000AF78600846D6
:104D200011461A460346FB700B463B801346BB7088
:104D30000023FB7297F90330002B0FDAFB7803F0A6
:104D40000F021346DB0013449B0010337A681344B0
:104D50000433FB60FB6801225A700FE0FB7803F01C
:104D60000F021346DB0013449B0003F514737A68AB
:104D700013440433FB60FB6800225A70FB7803F095
:104D80000F03DAB2FB681A703B88C3F30A02FB68B0
:104D90009A60FB68BA781A71FB685B78002B04D0C4
:104DA000FB681B781A46FB685A83BB78022B02D13A
:104DB000FB6800225A717B6893F89434012B01D16F
:104DC00002230EE07B68012283F894247B681B6831
:104DD000F968184602F08AFF7B68002283F8942461
:104DE000FB7A18461037BD4680BD80B584B000AF51
:104DF00078600B46FB7097F90330002B0FDAFB78D5
:104E000003F00F021346DB0013449B0010337A6853
:104E100013440433FB60FB6801225A700FE0FB78F7
:104E200003F00F021346DB0013449B0003F51473D9
:104E30007A6813440433FB60FB6800225A70FB78E5
:104E400003F00F03DAB2FB681A707B6893F89434AE
:104E5000012B01D102230EE07B68012283F8942408
:104E60007B681B68F968184602F0C8FF7B6800225F
:104E700083F89424002318461037BD4680BD80B5C2
:104E800086B000AFF8607A603B600B46FB72FB7A3D
:104E900003F00F021346DB0013449B0003F5147369
:104EA000FA68134404337B617B697A68DA607B6952
:104EB0003A681A617B6900225A617B6900225A7044
:104EC000FB7A03F00F03DAB27B691A70FB689B79F7
:104ED000012B02D17A687B69DA61FB681868FB688C
:104EE0009B791A46796903F065F80023184618374C
:104EF000BD4680BD80B483B000AF78600B46FB70C8
:104F0000FB7803F00F0279681346DB0013449B0023
:104F10000B4403F51A731B6818460C37BD465DF841
:104F2000047B704780B586B000AFF8607A603B6064
:104F30000B46FB72FB7A03F00F021346DB001344AF
:104F40009B001033FA68134404337B617B697A68F1
:104F5000DA607B693A681A617B6900225A617B6971
:104F600001225A70FB7A03F00F03DAB27B691A70E0
:104F7000FB689B79012B02D17A687B69DA61FB6857
:104F80001868FB689B791A46796903F013F80023C7
:104F900018461837BD4680BD80B584B000AF786034
:104FA0000B46FB70FB7803F00F037A68127993428B
:104FB00001D901234FE097F90330002B0FDAFB787A
:104FC00003F00F021346DB0013449B0010337A6892
:104FD00013440433FB60FB6801225A700DE0FA7839
:104FE0001346DB0013449B0003F514737A681344E3
:104FF0000433FB60FB6800225A70FB6801229A7040
:10500000FB7803F00F03DAB2FB681A707B6893F841
:105010009434012B01D102231DE07B68012283F827
:1050200094247B681B68F968184603F0A1FBFB78A1
:1050300003F00F03002B09D17B6818687B6899790E
:105040007B6803F29C431A4603F092FD7B680022C2
:1050500083F89424002318461037BD4680BD80B5E0
:1050600084B000AF78600B46FB70FB7803F00F0351
:105070007A681279934201D9012342E097F903300B
:10508000002B0FDAFB7803F00F021346DB0013440A
:105090009B0010337A6813440433FB60FB680122E1
:1050A0005A700FE0FB7803F00F021346DB00134445
:1050B0009B0003F514737A6813440433FB60FB68A8
:1050C00000225A70FB6800229A70FB7803F00F03ED
:1050D000DAB2FB681A707B6893F89434012B01D123
:1050E00002230EE07B68012283F894247B681B680E
:1050F000F968184603F0AAFB7B68002283F8942421
:10510000002318461037BD4680BD80B584B000AF7F
:1051100078600B46FB7097F90330002B0CDAFB78B4
:1051200003F00F021346DB0013449B0010337A6830
:1051300013440433FB600CE0FB7803F00F021346CA
:10514000DB0013449B0003F514737A6813440433A3
:10515000FB607B681B68F968184603F0C9F90346D1
:10516000FB72FB7A18461037BD4680BD80B58AB009
:1051700002AF786039607B681B687B617B693B614B
:105180003A681346DB0013449B0010337A681344DB
:105190000433FB60FB685A69FB681B699A4201D9BA
:1051A00001236BE0FB681A69FB685B69D31AFB613A
:1051B000FB689B68FA699A4202D9FB689B68FB61AD
:1051C000FB6903339B08BB612AE0FB681A69FB6833
:1051D0005B69D31AFB61FB689B68FA699A4202D942
:1051E000FB689B68FB61FB6903339B08BB61FB6841
:1051F000D9683B68DAB2FB6998B27B689B79009307
:105200000346786903F01EFAFB68DA68FB691A4402
:10521000FB68DA60FB685A69FB691A44FB685A61EB
:105220003B685A013B69134403F510639B699BB2C9
:10523000BA699A4209D8FB685A69FB681B699A42A5
:1052400003D2FB681B69002BBFD1FB681A69FB689E
:105250005B699A4211D83B6803F00F03012202FAFE
:1052600003F3BB603B6903F500635A6BBB68DB4328
:10527000396901F5006113404B630023184620375C
:10528000BD4680BD80B588B000AF786039607B686E
:105290001B68FB61FB69BB61FB693C3304331B6822
:1052A0007B613B685A01BB69134403F530639B681B
:1052B0003B617B689B79012B7BD13B6903F0080341
:1052C000002B15D07B69614A934240F2B9803B695B
:1052D00003F40043002B00F0B3803B685A01BB6924
:1052E000134403F530631A464FF400439360A7E07C
:1052F0003B6903F02003002B09D03B685A01BB69CE
:10530000134403F530631A462023936098E03B6909
:1053100003F02803002B40F093807B694B4A9342B3
:105320000FD93B6903F40043002B0AD03B685A01B4
:10533000BB69134403F530631A464FF4004393608E
:105340007EE03A681346DB0013449B0003F51473B8
:105350007A6813440433FB60FB681A6A3B6859019E
:10536000BB690B4403F530631B69C3F31203D21A04
:10537000FB685A613B68002B14D1FB681B69002B4A
:1053800009D17B6818687B6803F29C431A460121A7
:1053900003F0EEFB06E0FB68DA68FB685B691A4421
:1053A000FB68DA603B68DBB21946786805F0D2FE2C
:1053B00046E07B69264A934224D13B6903F40043CB
:1053C000002B0AD03B685A01BB69134403F53063D4
:1053D0001A464FF40043936032E03B6903F0200328
:1053E000002B08D03B685A01BB69134403F53063B6
:1053F0001A46202393603B68DBB21946786805F0B3
:10540000A9FE1DE03B68002B14D179683A68134669
:10541000DB0013449B000B4403F519731B68002B3E
:1054200008D17B6818687B6803F29C431A46002108
:1054300003F09EFB3B68DBB21946786805F08AFEF4
:10544000002318462037BD4680BD00BF0A30544FA8
:105450000A31544F80B586B000AF786039607B6800
:105460001B687B617B693B617B693C3304331B6850
:10547000FB603B685A013B69134403F530639B684A
:10548000BB60FB68154A93420ED9BB6803F4004326
:10549000002B09D03B685A013B69134403F5306384
:1054A0001A464FF400439360786805F041FEFB68AC
:1054B0000A4A93420CD97B689B79012B08D17B68FF
:1054C00018687B6803F29C431A46012103F050FBE5
:1054D000002318461837BD4680BD00BF0A30544F20
:1054E00080B485B000AF78600B46FB7013463B80FC
:1054F0007B681B685B6ABB60FB78002B07D13B882D
:1055000019047B681B68BA680A439A6228E07B68C2
:105510001B689B6A1B0CBA681344BB600023FB73B7
:105520000DE07B681A68FB7B40339B0013445B688B
:105530001B0CBA681344BB60FB7B0133FB73FA7B23
:10554000FB78013B9A42ECD33B8818047B681968CE
:10555000FB78013BBA68024340339B000B445A601E
:10556000002318461437BD465DF8047B704780B4AD
:1055700083B000AF78600B467B807B681B687A88BD
:105580005A62002318460C37BD465DF8047B70470D
:1055900080B483B000AF78600B46FB7000BF0C375F
:1055A000BD465DF8047B704780B586B000AF78607B
:1055B0007B68002B01D1012367E27B681B6803F045
:1055C0000103002B75D0884B9B6803F00C03042B60
:1055D0000CD0854B9B6803F00C03082B12D1824B37
:1055E0005B6803F48003B3F5800F0BD17E4B1B681F
:1055F00003F40033002B5BD07B685B68002B57D132
:10560000012342E27B685B68B3F5803F06D1764BAD
:105610001B68754A43F4803313601DE07B685B6848
:10562000B3F5A02F0CD1704B1B686F4A43F4802355
:1056300013606D4B1B686C4A43F4803313600BE0BE
:10564000694B1B68684A23F480331360664B1B6800
:10565000654A23F4802313607B685B68002B13D0BA
:10566000FDF71EF9386108E0FDF71AF902463B69BB
:10567000D31A642B01D9032307E25B4B1B6803F4A5
:105680000033002BF0D014E0FDF70AF9386108E090
:10569000FDF706F902463B69D31A642B01D90323AF
:1056A000F3E1514B1B6803F40033002BF0D100E011
:1056B00000BF7B681B6803F00203002B63D04A4BDA
:1056C0009B6803F00C03002B0BD0474B9B6803F047
:1056D0000C03082B1CD1444B5B6803F48003002BA4
:1056E00016D1414B1B6803F00203002B05D07B68E9
:1056F000DB68012B01D00123C7E13B4B1B6823F082
:10570000F8027B681B69DB00374913430B603AE002
:105710007B68DB68002B20D0344B01221A60FDF738
:10572000BFF8386108E0FDF7BBF802463B69D31AC1
:10573000022B01D90323A8E12B4B1B6803F00203C2
:10574000002BF0D0284B1B6823F0F8027B681B6904
:10575000DB00254913430B6015E0244B00221A603F
:10576000FDF79EF8386108E0FDF79AF802463B69BC
:10577000D31A022B01D9032387E11B4B1B6803F0CB
:105780000203002BF0D17B681B6803F00803002B99
:1057900036D07B685B69002B16D0154B01221A604E
:1057A000FDF77EF8386108E0FDF77AF802463B69BC
:1057B000D31A022B01D9032367E10B4B5B6F03F074
:1057C0000203002BF0D01BE0094B00221A60FDF70A
:1057D00067F838610EE0FDF763F802463B69D31ABB
:1057E000022B07D9032350E1003802400000474252
:1057F000800E4742884B5B6F03F00203002BEAD117
:105800007B681B6803F00403002B00F097800023E3
:10581000FB75814B1B6C03F08053002B0FD10023D1
:10582000BB607D4B1B6C7C4A43F0805313647A4B06
:105830001B6C03F08053BB60BB680123FB75774B87
:105840001B6803F48073002B18D1744B1B68734AD8
:1058500043F480731360FDF723F8386108E0FDF727
:105860001FF802463B69D31A022B01D903230CE12E
:105870006A4B1B6803F48073002BF0D07B689B6835
:10588000012B06D1644B1B6F634A43F0010313677E
:105890001CE07B689B68052B0CD15F4B1B6F5E4A3D
:1058A00043F0040313675C4B1B6F5B4A43F0010337
:1058B00013670BE0584B1B6F574A23F00103136724
:1058C000554B1B6F544A23F0040313677B689B6896
:1058D000002B15D0FCF7E4FF38610AE0FCF7E0FF8D
:1058E00002463B69D31A41F28832934201D903231D
:1058F000CBE0494B1B6F03F00203002BEED014E00A
:10590000FCF7CEFF38610AE0FCF7CAFF02463B69AC
:10591000D31A41F28832934201D90323B5E03E4BBA
:105920001B6F03F00203002BEED1FB7D012B05D191
:10593000394B1B6C384A23F0805313647B689B6996
:10594000002B00F0A180344B9B6803F00C03082B64
:105950005CD07B689B69022B41D1314B00221A60DD
:10596000FCF79EFF386108E0FCF79AFF02463B69AE
:10597000D31A022B01D9032387E0274B1B6803F0BE
:105980000073002BF0D17B68DA697B681B6A1A43CD
:105990007B685B6A9B011A437B689B6A5B08013BDF
:1059A0001B041A437B68DB6A1B061B4913434B60CD
:1059B0001B4B01221A60FCF773FF386108E0FCF70B
:1059C0006FFF02463B69D31A022B01D903235CE027
:1059D000114B1B6803F00073002BF0D054E0104B08
:1059E00000221A60FCF75CFF386108E0FCF758FF02
:1059F00002463B69D31A022B01D9032345E0064B2B
:105A00001B6803F00073002BF0D13DE07B689B69BD
:105A1000012B07D1012338E000380240007000401C
:105A2000600047421B4B5B68FB607B689B69012BF6
:105A300028D0FB6803F480027B68DB699A4221D19D
:105A4000FB6803F03F027B681B6A9A421AD1FA682E
:105A500047F6C07313407A68526A9201934211D19B
:105A6000FB6803F440327B689B6A5B08013B1B04C4
:105A70009A4207D1FB6803F070627B68DB6A1B0601
:105A80009A4201D0012300E0002318461837BD4692
:105A900080BD00BF0038024080B584B000AF7860A0
:105AA00039607B68002B01D10123CCE0684B1B6877
:105AB00003F007033A689A420CD9654B3A68D2B2B0
:105AC0001A70634B1B6803F007033A689A4201D0CF
:105AD0000123B8E07B681B6803F00203002B20D091
:105AE0007B681B6803F00403002B05D0594B9B68AF
:105AF000584A43F4E05393607B681B6803F0080343
:105B0000002B05D0534B9B68524A43F4604393608B
:105B1000504B9B6823F0F0027B689B684D49134310
:105B20008B607B681B6803F00103002B44D07B680B
:105B30005B68012B07D1474B1B6803F40033002B34
:105B400019D101237FE07B685B68022B03D07B685F
:105B50005B68032B07D13F4B1B6803F00073002BDE
:105B600009D101236FE03B4B1B6803F00203002BBC
:105B700001D1012367E0374B9B6823F003027B6868
:105B80005B68344913438B60FCF78AFEF8600AE0D7
:105B9000FCF786FE0246FB68D31A41F28832934234
:105BA00001D903234FE02B4B9B6803F00C027B6869
:105BB0005B689B009A42EBD1254B1B6803F00703FF
:105BC0003A689A420CD2224B3A68D2B21A70204BF1
:105BD0001B6803F007033A689A4201D0012332E0C0
:105BE0007B681B6803F00403002B08D0194B9B68EB
:105BF00023F4E0527B68DB68164913438B607B68B3
:105C00001B6803F00803002B09D0124B9B6823F498
:105C100060427B681B69DB000E4913438B6000F018
:105C200021F802460B4B9B681B0903F00F030A493E
:105C3000CB5C22FA03F3094A1360094B1B68184630
:105C4000FCF7EAFD002318461037BD4680BD00BFB3
:105C5000003C02400038024064EA00084400002092
:105C6000480000202DE9B04F90B000AF00237B63C7
:105C70000023FB6300233B630023BB63584B9B68FB
:105C800003F00C03082B0DD0082B00F2A080002B92
:105C900002D0042B03D09AE0524BBB639AE0524BE4
:105CA000BB6397E04E4B5B6803F03F037B634C4B59
:105CB0005B6803F48003002B27D0494B5B689B098A
:105CC00000223B627A623B6AC3F308000021464B24
:105CD00003FB01F2002300FB03F31344424AA0FB41
:105CE0000221F962BA62FA6A1344FB627B6B0022FA
:105CF000BB61FA61D7E90623D7E90A01FAF75CFF2D
:105D000002460B461346FB6353E0354B5B689B0929
:105D100000223B617A613B69C3F3080A4FF0000B34
:105D200052465B464FF000004FF00001590141EA36
:105D3000D261500102460B46B2EB0A0863EB0B0935
:105D40004FF000024FF000034FEA891343EA9863D3
:105D50004FEA8812B2EB080463EB09054FF000022A
:105D60004FF00003EB0043EA5473E20014461D4673
:105D700014EB0A033B6045EB0B037B604FF0000222
:105D80004FF00003D7E9004529468B02214643EA3C
:105D9000915321468A02104619467B6B0022BB6054
:105DA000FA60D7E90223FAF707FF02460B461346CB
:105DB000FB630B4B5B681B0C03F0030301335B00BD
:105DC0003B63FA6B3B6BB2FBF3F3BB6302E0054B47
:105DD000BB6300BFBB6B18464037BD46BDE8B08F04
:105DE000003802400024F40040787D0180B400AF08
:105DF000034B1B681846BD465DF8047B704700BF27
:105E00004400002080B500AFFFF7F0FF0246054BCD
:105E10009B689B0A03F007030349CB5C22FA03F358
:105E2000184680BD0038024074EA000880B582B090
:105E300000AF78607B68002B01D101237BE07B6899
:105E40005B6A002B08D17B685B68B3F5827F09D061
:105E50007B680022DA6105E07B6800221A617B68BA
:105E600000225A617B6800229A627B6893F8513065
:105E7000DBB2002B06D17B68002283F850207868C3
:105E8000FCF76CFA7B68022283F851207B681B6860
:105E90001A687B681B6822F040021A607B685B68A6
:105EA00003F482727B689B6803F404431A437B68A3
:105EB000DB6803F400631A437B681B6903F0020389
:105EC0001A437B685B6903F001031A437B689B6993
:105ED00003F400731A437B68DB6903F038031A4349
:105EE0007B681B6A03F0800342EA03017B689B6ABC
:105EF00003F400527B681B680A431A607B689B6945
:105F00001B0C03F004017B685B6A03F010027B68E2
:105F10001B680A435A607B681B68DA697B681B68E8
:105F200022F40062DA617B6800225A657B680122F4
:105F300083F85120002318460837BD4680BD80B540
:105F400088B000AFF860B9603B601346FB80FCF797
:105F5000A7FCF861FB887B83FB6893F85130DBB2C8
:105F6000012B01D002232AE1BB68002B02D0FB8861
:105F7000002B01D1012322E1FB6893F85030012B63
:105F800001D102231BE1FB68012283F85020FB684A
:105F9000032283F85120FB6800225A65FB68BA6827
:105FA0001A63FB68FA889A86FB68FA88DA86FB68C7
:105FB00000229A63FB6800229A87FB680022DA8736
:105FC000FB6800225A64FB6800221A64FB689B6825
:105FD000B3F5004F0FD1FB681B681A68FB681B689C
:105FE00022F040021A60FB681B681A68FB681B6895
:105FF00042F480421A60FB681B681B6803F0400390
:10600000402B07D0FB681B681A68FB681B6842F0CE
:1060100040021A60FB68DB68B3F5006F52D1FB6881
:106020005B68002B02D07B8B012B45D1FB681B6B7F
:106030001A88FB681B68DA60FB681B6B9A1CFB689C
:106040001A63FB68DB8E9BB2013B9AB2FB68DA866F
:1060500032E0FB681B689B6803F00203022B12D13D
:10606000FB681B6B1A88FB681B68DA60FB681B6B9C
:106070009A1CFB681A63FB68DB8E9BB2013B9AB2E9
:10608000FB68DA8618E0FCF70BFC0246FB69D31AC2
:106090003A689A4203D83B68B3F1FF3F02D13B68AC
:1060A000002B09D1FB68012283F85120FB680022F4
:1060B00083F85020032382E0FB68DB8E9BB2002B29
:1060C000C7D153E0FB685B68002B02D07B8B012BB0
:1060D00047D1FB681A6BFB681B680C3312781A7087
:1060E000FB681B6B5A1CFB681A63FB68DB8E9BB258
:1060F000013B9AB2FB68DA8633E0FB681B689B6859
:1061000003F00203022B13D1FB681A6BFB681B68B8
:106110000C3312781A70FB681B6B5A1CFB681A63ED
:10612000FB68DB8E9BB2013B9AB2FB68DA8618E013
:10613000FCF7B6FB0246FB69D31A3A689A4203D8C9
:106140003B68B3F1FF3F02D13B68002B09D1FB68EC
:10615000012283F85120FB68002283F8502003239A
:106160002DE0FB68DB8E9BB2002BC6D1FA69396843
:10617000F86800F0D9FB0346002B02D0FB68202210
:106180005A65FB689B68002B0AD100237B61FB6882
:106190001B68DB687B61FB681B689B687B617B69B4
:1061A000FB68012283F85120FB68002283F850200D
:1061B000FB685B6D002B01D0012300E00023184633
:1061C0002037BD4680BD80B588B002AFF860B960A9
:1061D0003B601346FB80FB6893F85130DBB2012B28
:1061E00001D0022304E1BB68002B02D0FB88002B06
:1061F00001D10123FCE0FB685B68B3F5827F12D11B
:10620000FB689B68002B0ED1FB68042283F85120A9
:10621000FA883B6800931346BA68B968F86800F0DA
:10622000EBF80346E4E0FCF73BFB7861FB6893F88E
:106230005030012B01D10223DAE0FB68012283F800
:106240005020FB68042283F85120FB6800225A6525
:10625000FB68BA689A63FB68FA889A87FB68FA88D1
:10626000DA87FB6800221A63FB6800229A86FB68C3
:106270000022DA86FB6800221A64FB6800225A6456
:10628000FB689B68B3F5004F0FD1FB681B681A6869
:10629000FB681B6822F040021A60FB681B681A68E2
:1062A000FB681B6822F480421A60FB681B681B684D
:1062B00003F04003402B07D0FB681B681A68FB689B
:1062C0001B6842F040021A60FB68DB68002B70D14B
:1062D00035E0FB681B689B6803F00103012B15D1B7
:1062E000FB681B6803F10C02FB689B6B1278D2B24F
:1062F0001A70FB689B6B5A1CFB689A63FB68DB8F08
:106300009BB2013B9AB2FB68DA8718E0FCF7C8FA47
:1063100002467B69D31A3A689A4203D83B68B3F1C4
:10632000FF3F02D13B68002B09D1FB68012283F8B3
:106330005120FB68002283F85020032358E0FB68BB
:10634000DB8F9BB2002BC4D138E0FB681B689B68D5
:1063500003F00103012B13D1FB681B68DA68FB68AB
:106360009B6B92B21A80FB689B6B9A1CFB689A63CA
:10637000FB68DB8F9BB2013B9AB2FB68DA8718E0BF
:10638000FCF78EFA02467B69D31A3A689A4203D820
:106390003B68B3F1FF3F02D13B68002B09D1FB689A
:1063A000012283F85120FB68002283F85020032348
:1063B0001EE0FB68DB8F9BB2002BC6D17A6939687F
:1063C000F86800F04BFA0346002B02D0FB6820224D
:1063D0005A65FB68012283F85120FB68002283F88C
:1063E0005020FB685B6D002B01D0012300E00023EF
:1063F00018461837BD4680BD80B58AB000AFF8603A
:10640000B9607A607B8001237B62FCF749FA3862CD
:10641000FB6893F85130FB77FB685B68BB617B8856
:10642000FB82FB7F012B0CD0BB69B3F5827F06D1C9
:10643000FB689B68002B02D1FB7F042B01D0022359
:106440007FE1BB68002B05D07B68002B02D07B88E6
:10645000002B01D1012374E1FB6893F85030012B2C
:1064600001D102236DE1FB68012283F85020FB6813
:1064700093F85130DBB2042B03D0FB68052283F87C
:106480005120FB6800225A65FB687A689A63FB68B2
:106490007A88DA87FB687A889A87FB68BA681A6311
:1064A000FB687A88DA86FB687A889A86FB6800221D
:1064B0001A64FB6800225A64FB681B681B6803F0BF
:1064C0004003402B07D0FB681B681A68FB681B68F9
:1064D00042F040021A60FB68DB68B3F5006F7ED1C2
:1064E000FB685B68002B02D0FB8A012B6CD1FB6838
:1064F0001B6B1A88FB681B68DA60FB681B6B9A1CB5
:10650000FB681A63FB68DB8E9BB2013B9AB2FB68A7
:10651000DA8659E0FB681B689B6803F00203022BD4
:106520001BD1FB68DB8E9BB2002B16D07B6A012B44
:1065300013D1FB681B6B1A88FB681B68DA60FB6869
:106540001B6B9A1CFB681A63FB68DB8E9BB2013BDA
:106550009AB2FB68DA8600237B62FB681B689B6843
:1065600003F00103012B19D1FB68DB8F9BB2002BD9
:1065700014D0FB681B68DA68FB689B6B92B21A80C8
:10658000FB689B6B9A1CFB689A63FB68DB8F9BB272
:10659000013B9AB2FB68DA8701237B62FCF780F942
:1065A00002463B6AD31A3A6B9A420DD83B6BB3F161
:1065B000FF3F09D0FB68012283F85120FB680022CD
:1065C00083F850200323BCE0FB68DB8E9BB2002BDA
:1065D000A0D1FB68DB8F9BB2002B9BD182E0FB68D4
:1065E0005B68002B02D0FB8A012B71D1FB681A6B10
:1065F000FB681B680C3312781A70FB681B6B5A1C03
:10660000FB681A63FB68DB8E9BB2013B9AB2FB68A6
:10661000DA865DE0FB681B689B6803F00203022BCF
:106620001CD1FB68DB8E9BB2002B17D07B6A012B41
:1066300014D1FB681A6BFB681B680C3312781A7054
:10664000FB681B6B5A1CFB681A63FB68DB8E9BB2F2
:10665000013B9AB2FB68DA8600237B62FB681B6809
:106660009B6803F00103012B19D1FB68DB8F9BB200
:10667000002B14D0FB681B68DA68FB689B6BD2B2F6
:106680001A70FB689B6B5A1CFB689A63FB68DB8F74
:106690009BB2013B9AB2FB68DA8701237B62FCF76D
:1066A000FFF802463B6AD31A3A6B9A4203D83B6B17
:1066B000B3F1FF3F02D13B6B002B09D1FB680122F4
:1066C00083F85120FB68002283F85020032338E030
:1066D000FB68DB8E9BB2002B9CD1FB68DB8F9BB2EF
:1066E000002B97D13A6A396BF86800F01DF9034620
:1066F000002B08D0FB6820225A65FB68002283F833
:10670000502001231DE0FB689B68002B0AD1002369
:106710003B61FB681B68DB683B61FB681B689B682F
:106720003B613B69FB68012283F85120FB68002232
:1067300083F85020FB685B6D002B01D0012300E043
:10674000002318462837BD4680BD000080B588B0BC
:1067500000AFF860B9603B601346FB71FCF7A0F82E
:106760000246BB6A9B1A3A681344FB61FCF798F82F
:10677000B861394B1B685B011B0DFA6902FB03F31F
:106780007B6155E03B68B3F1FF3F51D0FCF788F8DF
:106790000246BB69D31AFA699A4202D9FB69002BF7
:1067A0003DD1FB681B685A68FB681B6822F0E00259
:1067B0005A60FB685B68B3F5827F11D1FB689B6808
:1067C000B3F5004F04D0FB689B68B3F5806F07D129
:1067D000FB681B681A68FB681B6822F040021A609D
:1067E000FB689B6AB3F5005F0FD1FB681B681A68F2
:1067F000FB681B6822F400521A60FB681B681A6869
:10680000FB681B6842F400521A60FB68012283F89F
:106810005120FB68002283F85020032318E07B6995
:10682000002B02D10023FB6102E07B69013B7B610D
:10683000FB681B689A68BB681340BA689A420CBF31
:1068400001230023DBB21A46FB799A429AD1002336
:1068500018462037BD4680BD4400002080B586B074
:1068600002AFF860B9607A60FB685B68B3F5827F5D
:1068700011D1FB689B68B3F5004F04D0FB689B689F
:10688000B3F5806F07D1FB681B681A68FB681B684B
:1068900022F040021A60FB685B68B3F5827F2AD160
:1068A000FB689B68B3F5806F12D07B680093BB6870
:1068B00000228021F868FFF749FF0346002B2DD006
:1068C000FB685B6D43F02002FB685A65032326E0FA
:1068D0007B680093BB6800220121F868FFF736FF50
:1068E0000346002B1AD0FB685B6D43F02002FB6867
:1068F0005A65032313E07B680093BB6800220121E3
:10690000F868FFF723FF0346002B07D0FB685B6D99
:1069100043F02002FB685A65032300E00023184679
:106920001037BD4680BD000080B588B002AFF8606A
:10693000B9607A607B680093BB6801220221F86825
:10694000FFF704FF0346002B07D0FB685B6D43F0A5
:106950002002FB685A65032332E01B4B1B681B4A6D
:10696000A2FB03235B0D4FF47A7202FB03F37B61FE
:10697000FB685B68B3F5827F12D17B680093BB68CC
:1069800000228021F868FFF7E1FE0346002B16D0B5
:10699000FB685B6D43F02002FB685A6503230FE040
:1069A0007B69002B0AD07B69013B7B61FB681B681C
:1069B0009B6803F08003802BF2D000E000BF00232F
:1069C00018461837BD4680BD44000020819F5E16E2
:1069D00080B582B000AF78607B68002B01D10123C5
:1069E00041E07B6893F83D30DBB2002B06D17B6839
:1069F000002283F83C207868FBF7F8FC7B680222D1
:106A000083F83D207B681A687B680433194610467A
:106A100000F0B6FA7B68012283F846207B680122E9
:106A200083F83E207B68012283F83F207B680122A7
:106A300083F840207B68012283F841207B68012293
:106A400083F842207B68012283F843207B6801227F
:106A500083F844207B68012283F845207B6801226B
:106A600083F83D20002318460837BD4680BD80B519
:106A700082B000AF78607B68002B01D1012341E038
:106A80007B6893F83D30DBB2002B06D17B68002297
:106A900083F83C207868FBF7DFFC7B68022283F8F0
:106AA0003D207B681A687B6804331946104600F065
:106AB00067FA7B68012283F846207B68012283F80D
:106AC0003E207B68012283F83F207B68012283F807
:106AD00040207B68012283F841207B68012283F8F3
:106AE00042207B68012283F843207B68012283F8DF
:106AF00044207B68012283F845207B68012283F8CB
:106B00003D20002318460837BD4680BD80B584B0BF
:106B100000AF786039603B68002B09D17B6893F83F
:106B20003E30DBB2012B14BF01230023DBB222E095
:106B30003B68042B09D17B6893F83F30DBB2012B13
:106B400014BF01230023DBB215E03B68082B09D1F9
:106B50007B6893F84030DBB2012B14BF0123002384
:106B6000DBB208E07B6893F84130DBB2012B14BF45
:106B700001230023DBB2002B01D0012368E03B6836
:106B8000002B04D17B68022283F83E2013E03B688F
:106B9000042B04D17B68022283F83F200BE03B6882
:106BA000082B04D17B68022283F8402003E07B6835
:106BB000022283F841207B681B680122396818464D
:106BC00000F08AFC7B681B68234A934207D17B68EC
:106BD0001B685A6C7B681B6842F400425A647B68ED
:106BE0001B681D4A934218D07B681B68B3F1804F25
:106BF00013D07B681B68194A93420ED07B681B68D0
:106C0000174A934209D07B681B68164A934204D006
:106C10007B681B68144A934211D17B681B689B6890
:106C200003F00703FB60FB68062B10D07B681B6832
:106C30001A687B681B6842F001021A6007E07B68F3
:106C40001B681A687B681B6842F001021A60002307
:106C500018461037BD4680BD0000014000040040CA
:106C600000080040000C00400040014080B586B0A4
:106C700000AFF860B9607A600023FB75FB6893F899
:106C80003C30012B01D10223AEE0FB68012283F8E6
:106C90003C207B680C2B00F29F8001A252F823F06D
:106CA000D56C0008D96D0008D96D0008D96D0008B1
:106CB000156D0008D96D0008D96D0008D96D000860
:106CC000576D0008D96D0008D96D0008D96D00080E
:106CD000976D0008FB681B68B968184600F0D6F984
:106CE000FB681B689A69FB681B6842F008029A619E
:106CF000FB681B689A69FB681B6822F004029A61B2
:106D0000FB681B689969BB681A69FB681B680A43C2
:106D10009A6164E0FB681B68B968184600F01CFAC9
:106D2000FB681B689A69FB681B6842F400629A6101
:106D3000FB681B689A69FB681B6822F480629A6191
:106D4000FB681B689969BB681B691A02FB681B68B2
:106D50000A439A6143E0FB681B68B968184600F073
:106D600067FAFB681B68DA69FB681B6842F0080277
:106D7000DA61FB681B68DA69FB681B6822F00402B1
:106D8000DA61FB681B68D969BB681A69FB681B6814
:106D90000A43DA6123E0FB681B68B968184600F013
:106DA000B1FAFB681B68DA69FB681B6842F4006291
:106DB000DA61FB681B68DA69FB681B6822F4806291
:106DC000DA61FB681B68D969BB681B691A02FB683A
:106DD0001B680A43DA6102E00123FB7500BFFB6810
:106DE000002283F83C20FB7D18461837BD4680BD45
:106DF00080B584B000AF786039600023FB737B6896
:106E000093F83C30012B01D10223B4E07B680122CE
:106E100083F83C207B68022283F83D207B681B6856
:106E20009B68BB60BB6823F07703BB60BB6823F43F
:106E30007F43BB607B681B68BA689A603B681B68CD
:106E4000B3F5005F3ED0B3F5005F00F28780B3F585
:106E5000805F00F08680B3F5805F7FD8702B1AD0FA
:106E6000702B7BD8602B50D0602B77D8502B3CD028
:106E7000502B73D8402B58D0402B6FD8302B64D078
:106E8000302B6BD8202B60D0202B67D8002B5CD008
:106E9000102B5AD062E07B6818683B6899683B68A1
:106EA0005A683B68DB6800F0F7FA7B681B689B68F0
:106EB000BB60BB6843F07703BB607B681B68BA6844
:106EC0009A604FE07B6818683B6899683B685A682D
:106ED0003B68DB6800F0E0FA7B681B689A687B68B7
:106EE0001B6842F480429A603CE07B6818683B680B
:106EF00059683B68DB681A4600F054FA7B681B68E7
:106F00005021184600F0ADFA2CE07B6818683B6809
:106F100059683B68DB681A4600F073FA7B681B68A7
:106F20006021184600F09DFA1CE07B6818683B68F9
:106F300059683B68DB681A4600F034FA7B681B68C6
:106F40004021184600F08DFA0CE07B681A683B6817
:106F50001B681946104600F084FA03E00123FB7316
:106F600000E000BF7B68012283F83D207B6800229F
:106F700083F83C20FB7B18461037BD4680BD0000DF
:106F800080B485B000AF786039607B681B68FB60B7
:106F90007B68374A93420FD07B68B3F1804F0BD0A8
:106FA0007B68344A934207D07B68334A934203D0CC
:106FB0007B68324A934208D1FB6823F07003FB6080
:106FC0003B685B68FA681343FB607B68284A93421E
:106FD0001BD07B68B3F1804F17D07B68254A934262
:106FE00013D07B68244A93420FD07B68234A934294
:106FF0000BD07B68224A934207D07B68214A934298
:1070000003D07B68204A934208D1FB6823F4407385
:10701000FB603B68DB68FA681343FB60FB6823F0A6
:1070200080023B685B691343FB603B689A687B683E
:10703000DA623B681A687B689A627B680C4A934202
:1070400003D13B681A697B681A637B681B6843F04D
:1070500004027B681A607B6801225A617B68FA68C7
:107060001A6000BF1437BD465DF8047B704700BF4F
:10707000000001400004004000080040000C0040F7
:1070800000400140004401400048014080B487B006
:1070900000AF786039607B681B6A7B617B681B6A24
:1070A00023F001027B681A627B685B683B617B6846
:1070B0009B69FB60FB6823F07003FB60FB6823F0B7
:1070C0000303FB603B681B68FA681343FB607B6942
:1070D00023F002037B613B689B687A6913437B6101
:1070E0007B681C4A93420CD17B6923F008037B61C7
:1070F0003B68DB687A6913437B617B6923F0040397
:107100007B617B68134A934211D13B6923F48073FE
:107110003B613B6923F400733B613B685B693A69FF
:1071200013433B613B689B693A6913433B617B684E
:107130003A695A607B68FA689A613B685A687B686A
:107140005A637B687A691A6200BF1C37BD465DF8D6
:10715000047B70470000014080B487B000AF7860C6
:1071600039607B681B6A7B617B681B6A23F01002B5
:107170007B681A627B685B683B617B689B69FB602C
:10718000FB6823F4E043FB60FB6823F44073FB607F
:107190003B681B681B02FA681343FB607B6923F0A2
:1071A00020037B613B689B681B017A6913437B6109
:1071B0007B681E4A93420DD17B6923F080037B617B
:1071C0003B68DB681B017A6913437B617B6923F0B1
:1071D00040037B617B68154A934213D13B6923F4DA
:1071E00080633B613B6923F400633B613B685B69FF
:1071F0009B003A6913433B613B689B699B003A697A
:1072000013433B617B683A695A607B68FA689A610C
:107210003B685A687B689A637B687A691A6200BF28
:107220001C37BD465DF8047B704700BF000001407D
:1072300080B487B000AF786039607B681B6A7B617F
:107240007B681B6A23F480727B681A627B685B68C8
:107250003B617B68DB69FB60FB6823F07003FB60CC
:10726000FB6823F00303FB603B681B68FA68134369
:10727000FB607B6923F400737B613B689B681B02A6
:107280007A6913437B617B681D4A93420DD17B6908
:1072900023F400637B613B68DB681B027A6913435C
:1072A0007B617B6923F480637B617B68144A934232
:1072B00013D13B6923F480533B613B6923F40053B2
:1072C0003B613B685B691B013A6913433B613B6867
:1072D0009B691B013A6913433B617B683A695A60B9
:1072E0007B68FA68DA613B685A687B68DA637B68B6
:1072F0007A691A6200BF1C37BD465DF8047B70478F
:107300000000014080B487B000AF786039607B68CE
:107310001B6A3B617B681B6A23F480527B681A629C
:107320007B685B687B617B68DB69FB60FB6823F4DF
:10733000E043FB60FB6823F44073FB603B681B6821
:107340001B02FA681343FB603B6923F400533B6163
:107350003B689B681B033A6913433B617B68104A97
:10736000934209D17B6923F480437B613B685B696D
:107370009B017A6913437B617B687A695A607B68F9
:10738000FA68DA613B685A687B681A647B683A6914
:107390001A6200BF1C37BD465DF8047B704700BF12
:1073A0000000014080B487B000AFF860B9607A6037
:1073B000FB681B6A7B61FB681B6A23F00102FB68A8
:1073C0001A62FB689B693B613B6923F0F0033B61F8
:1073D0007B681B013A6913433B617B6923F00A0315
:1073E0007B617A69BB6813437B61FB683A699A6188
:1073F000FB687A691A6200BF1C37BD465DF8047BE2
:10740000704780B487B000AFF860B9607A60FB68FD
:107410001B6A7B61FB681B6A23F01002FB681A621F
:10742000FB689B693B613B6923F470433B617B686C
:107430001B033A6913433B617B6923F0A0037B6123
:10744000BB681B017A6913437B61FB683A699A61E7
:10745000FB687A691A6200BF1C37BD465DF8047B81
:10746000704780B485B000AF786039607B689B68F6
:10747000FB60FB6823F07003FB603A68FB68134312
:1074800043F00703FB607B68FA689A6000BF14371B
:10749000BD465DF8047B704780B487B000AFF860EC
:1074A000B9607A603B60FB689B687B617B6923F411
:1074B0007F437B613B681A027B681A43BB681343B6
:1074C0007A6913437B61FB687A699A6000BF1C3755
:1074D000BD465DF8047B704780B487B000AFF860AC
:1074E000B9607A60BB6803F01F03012202FA03F35C
:1074F0007B61FB681A6A7B69DB431A40FB681A628E
:10750000FB681A6ABB6803F01F03796801FA03F38A
:107510001A43FB681A6200BF1C37BD465DF8047B46
:107520007047000080B485B000AF786039607B6838
:1075300093F83C30012B01D1022350E07B680122FB
:1075400083F83C207B68022283F83D207B681B681F
:107550005B68FB607B681B689B68BB60FB6823F013
:107560007003FB603B681B68FA681343FB607B6831
:107570001B68FA685A607B681B681C4A934218D0E3
:107580007B681B68B3F1804F13D07B681B68184A77
:1075900093420ED07B681B68164A934209D07B68E1
:1075A0001B68154A934204D07B681B68134A9342B8
:1075B0000CD1BB6823F08003BB603B685B68BA6892
:1075C0001343BB607B681B68BA689A607B680122C2
:1075D00083F83D207B68002283F83C200023184676
:1075E0001437BD465DF8047B704700BF00000140C2
:1075F0000004004000080040000C00400040014032
:1076000084B080B584B000AF786007F11C0080E8DA
:107610000E0097F82130012B23D17B689B6B23F45C
:1076200080327B689A637B68DB6823F4840323F0F1
:1076300040037A68D3607B68DB6823F440127B6880
:10764000DA6097F82830012B05D17B68DB6843F4BA
:1076500080127B68DA60786801F0E8FA0346FB7311
:107660001BE07B68DB6843F040027B68DA60786887
:1076700001F0DCFA0346FB7397F82530002B06D1A6
:107680007B689B6B43F480327B689A6305E07B6880
:107690009B6B23F480327B689A63BB7F012B0BD1F9
:1076A0007B689B6843F006027B689A607B689B68F6
:1076B00043F020027B689A60FB7B18461037BD467A
:1076C000BDE8804004B0704780B487B000AFF86078
:1076D000B9601346FB71FB79022B65D1BB68414A47
:1076E000934206D9BB68404A934202D20F237B6182
:1076F00062E0BB683C4A934206D3BB683B4A934274
:1077000002D20E237B6157E0BB68384A934206D30E
:10771000BB68374A934202D20D237B614CE0BB68C1
:10772000334A934206D3BB68324A934202D80C23B1
:107730007B6141E0BB682F4A934206D9BB682E4A61
:10774000934202D80B237B6136E0BB682A4A9342FE
:1077500006D9BB68294A934202D80A237B612BE0F1
:10776000BB68264A934206D9BB68254A934202D297
:1077700009237B6120E0BB68214A934206D3BB68A2
:10778000204A934202D808237B6115E0BB681D4A5A
:10779000934206D9BB681C4A934202D207237B61FD
:1077A0000AE006237B6107E0FB79002B02D1092365
:1077B0007B6101E009237B61FB68DB6823F4705285
:1077C000FB68DA60FB68DA687B699B0203F470533C
:1077D0001A43FB68DA60002318461C37BD465DF883
:1077E000047B7047BFACD800C0E1E4000024F40083
:1077F000807306019F491A01FF2C31013FA44C01FF
:1078000000366E011FABA6010048E80180B483B0CA
:1078100000AF78607B689B6843F001027B689A60E8
:10782000002318460C37BD465DF8047B704780B4D2
:1078300083B000AF78607B689B6823F001027B68AF
:107840009A60002318460C37BD465DF8047B7047EC
:1078500080B584B000AF78600B46FB700023FB60FE
:107860007B68DB6823F0C0427B68DA60FB78012B21
:1078700015D17B68DB6843F000527B68DA600A2030
:10788000FBF71AF8FB680A33FB60786801F03FF9F0
:107890000346012B1ED0FB68C72BF0D91AE0FB78FA
:1078A000002B15D17B68DB6843F080427B68DA608F
:1078B0000A20FBF701F8FB680A33FB60786801F0E7
:1078C00026F90346002B05D0FB68C72BF0D901E051
:1078D000012305E0FB68C82B01D1012300E0002350
:1078E00018461037BD4680BD84B080B586B000AF65
:1078F000786007F1240080E80E000023FB757B68A8
:10790000FB6000233B6109E07A683B6940339B00E0
:10791000134400225A603B6901333B613B690E2BE3
:10792000F2D997F82E30002B1CD1FB6803F50063C9
:107930005B68FA6802F5006243F0020353607B68FB
:107940009B6B43F400127B689A637B689B6B23F408
:1079500000227B689A637B689B6B23F480227B68A0
:107960009A630BE07B689B6B23F400127B689A633D
:107970007B689B6B43F400227B689A63FB6803F58A
:1079800060631A460023136097F82930012B0DD14C
:1079900097F82730002B04D10021786800F068F9AF
:1079A00008E00121786800F063F903E003217868BA
:1079B00000F05EF91021786800F0FAF80346002B19
:1079C00001D00123FB75786800F024F90346002BF1
:1079D00001D00123FB75FB6803F500631A46002301
:1079E0001361FB6803F500631A4600235361FB68CB
:1079F00003F500631A460023D36100233B6143E093
:107A00003B695A01FB68134403F510631B6803F0DC
:107A10000043B3F1004F18D13B69002B0AD13B69F9
:107A20005A01FB68134403F510631A464FF00063D4
:107A3000136013E03B695A01FB68134403F51063BC
:107A40001A464FF09043136008E03B695A01FB6807
:107A5000134403F510631A46002313603B695A016F
:107A6000FB68134403F510631A46002313613B6956
:107A70005A01FB68134403F510631A464FF67F332F
:107A800093603B6901333B6197F824301A463B69A8
:107A90009342B5D300233B6143E03B695A01FB6845
:107AA000134403F530631B6803F00043B3F1004F48
:107AB00018D13B69002B0AD13B695A01FB6813447A
:107AC00003F530631A464FF00063136013E03B691F
:107AD0005A01FB68134403F530631A464FF0904394
:107AE000136008E03B695A01FB68134403F53063F7
:107AF0001A46002313603B695A01FB68134403F5DF
:107B000030631A46002313613B695A01FB68134432
:107B100003F530631A464FF67F3393603B690133B8
:107B20003B6197F824301A463B699342B5D3FB6812
:107B300003F500631B69FA6802F5006223F48073A1
:107B400013617B6800229A617B686FF080425A6102
:107B500097F82630002B05D17B689B6943F0100213
:107B60007B689A617B689A69104B13437A689361CA
:107B700097F82A30002B05D07B689B6943F00802F8
:107B80007B689A6197F82E30012B07D17B689B693F
:107B900043F0804343F004037A689361FB7D184609
:107BA0001837BD46BDE8804004B0704700383C80BF
:107BB00080B485B000AF786039600023FB60FB685B
:107BC0000133FB60FB68B3F1706F01D903231BE045
:107BD0007B681B69002BF2DA0023FB603B689B018A
:107BE00043F020027B681A61FB680133FB60FB688D
:107BF000B3F1706F01D9032306E07B681B6903F0C2
:107C00002003202BF0D0002318461437BD465DF822
:107C1000047B704780B485B000AF78600023FB60C0
:107C2000FB680133FB60FB68B3F1706F01D903237C
:107C300018E07B681B69002BF2DA0023FB607B688D
:107C400010221A61FB680133FB60FB68B3F1706FAF
:107C500001D9032306E07B681B6903F01003102B96
:107C6000F0D0002318461437BD465DF8047B7047FA
:107C700080B485B000AF78600B46FB707B68FB601A
:107C8000FB6803F500631A68FB78F96801F5006189
:107C900013430B60002318461437BD465DF8047B80
:107CA000704780B487B000AF78607B683B613B6908
:107CB00003F500639B6803F00603FB60FB68002B81
:107CC00002D10023FB750AE0FB68022B02D0FB689F
:107CD000062B02D10223FB7501E00F23FB75FB7D10
:107CE00018461C37BD465DF8047B704780B485B0EC
:107CF00000AF786039607B68FB603B681B78BB60D5
:107D00003B685B78012B3AD1FB6803F50063DA69C5
:107D10003B681B7803F00F03012101FA03F39BB2C8
:107D2000F96801F500611343CB61BB685A01FB6838
:107D3000134403F510631B6803F40043002B55D173
:107D4000BB685A01FB68134403F510631A683B686B
:107D50009B68C3F30A013B681B799B041943BB680A
:107D60009B050B431343BA685101FA680A4402F5B4
:107D7000106243F0805343F40043136036E0FB6825
:107D800003F50063DA693B681B7803F00F030121F8
:107D900001FA03F31B04F96801F500611343CB6199
:107DA000BB685A01FB68134403F530631B6803F496
:107DB0000043002B1AD1BB685A01FB68134403F53A
:107DC00030631A683B689B68C3F30A013B681B7900
:107DD0009B040B431343BA685101FA680A4402F545
:107DE000306243F0805343F400431360002318468D
:107DF0001437BD465DF8047B7047000080B485B041
:107E000000AF786039607B68FB603B681B78BB60C3
:107E10003B685B78012B61D1BB685A01FB68134456
:107E200003F510631B6803F00043B3F1004F1FD14B
:107E3000BB685A01FB68134403F510631B68BA68FA
:107E40005101FA680A4402F5106243F000631360BE
:107E5000BB685A01FB68134403F510631B68BA68DA
:107E60005101FA680A4402F5106243F0804313603E
:107E7000FB6803F50063DA6B3B681B7803F00F03C4
:107E8000012101FA03F39BB2DB43F96801F50061BC
:107E90001340CB63FB6803F50063DA693B681B782A
:107EA00003F00F03012101FA03F39BB2DB43F968EE
:107EB00001F500611340CB61BB685A01FB681344B4
:107EC00003F510631A68BB685901FB680B4403F59E
:107ED00010631946354B13400B6060E0BB685A01D4
:107EE000FB68134403F530631B6803F00043B3F1F0
:107EF000004F1FD1BB685A01FB68134403F5306380
:107F00001B68BA685101FA680A4402F5306243F00E
:107F100000631360BB685A01FB68134403F53063C8
:107F20001B68BA685101FA680A4402F5306243F0EE
:107F300080431360FB6803F50063DA6B3B681B78D2
:107F400003F00F03012101FA03F31B04DB43F9687B
:107F500001F500611340CB63FB6803F50063DA6948
:107F60003B681B7803F00F03012101FA03F31B04A4
:107F7000DB43F96801F500611340CB61BB685A012E
:107F8000FB68134403F530631A68BB685901FB684A
:107F90000B4403F530631946054B13400B60002377
:107FA00018461437BD465DF8047B7047007833EC03
:107FB0000078F3EF80B58AB002AFF860B96013467D
:107FC000FB71FB68FB61BB681B78BB61BB685B78BE
:107FD000012B40F07F81BB681B69002B32D1BB694C
:107FE0005A01FB69134403F510631B69BA69510117
:107FF000FA690A4402F5106223F0FF5323F4C01318
:108000001361BB695A01FB69134403F510631B69D3
:10801000BA695101FA690A4402F5106243F4002377
:108020001361BB695A01FB69134403F510631B69B3
:10803000BA695101FA690A4402F51062DB0CDB04EB
:10804000136197E0BB695A01FB69134403F51063A0
:108050001B69BA695101FA690A4402F51062DB0C26
:10806000DB041361BB695A01FB69134403F5106318
:108070001B69BA695101FA690A4402F5106223F0DA
:10808000FF5323F4C0131361BB69002B1AD1BB68E3
:108090001A69BB689B689A4203D9BB689A68BB6837
:1080A0001A61BB695A01FB69134403F510631B692C
:1080B000BA695101FA690A4402F5106243F40023D7
:1080C000136144E0BB681A69BB689B6813445A1E7D
:1080D000BB689B68B2FBF3F3FB82BB695A01FB6987
:1080E000134403F510631A69FB8AD904A44B0B40AF
:1080F000B9694801F969014401F5106113430B6145
:10810000BB681B79012B22D1BB695A01FB6913445F
:1081100003F510631B69BA695101FA690A4402F553
:10812000106223F0C0431361BB695A01FB69134419
:1081300003F510631A69FB8A5B0703F0C043B96952
:108140004801F969014401F5106113430B61BB69F2
:108150005A01FB69134403F510631A69BB681B6974
:10816000C3F31203B9694801F969014401F51061CB
:1081700013430B61FB79012B4BD1BB68DB69002BEF
:1081800009D0BB695A01FB69134403F510631A4611
:10819000BB68DB695361BB681B79012B28D1FB6984
:1081A00003F500639B6803F48073002B10D1BB6957
:1081B0005A01FB69134403F510631B68BA69510146
:1081C000FA690A4402F5106243F0005313600FE0AD
:1081D000BB695A01FB69134403F510631B68BA6954
:1081E0005101FA690A4402F5106243F080531360AA
:1081F000BB695A01FB69134403F510631B68BA6934
:108200005101FA690A4402F5106243F00443136015
:1082100066E1BB695A01FB69134403F510631B68EF
:10822000BA695101FA690A4402F5106243F0044345
:108230001360BB681B79012B15D0BB681B69002B31
:1082400000F04E81FB6903F500635A6BBB681B7835
:1082500003F00F03012101FA03F3F96901F500614D
:1082600013434B633CE1FB6903F500639B6803F434
:108270008073002B10D1BB695A01FB69134403F5CD
:1082800010631B68BA695101FA690A4402F5106269
:1082900043F0005313600FE0BB695A01FB691344BC
:1082A00003F510631B68BA695101FA690A4402F5C3
:1082B000106243F080531360BB68D968BB681A78BA
:1082C000BB681B6998B2FB7900930346F86800F01D
:1082D000B9F905E1BB695A01FB69134403F5306341
:1082E0001B69BA695101FA690A4402F53062DB0C74
:1082F000DB041361BB695A01FB69134403F5306366
:108300001B69BA695101FA690A4402F5306223F027
:10831000FF5323F4C0131361BB69002B32D1BB6838
:108320001B69002B03D0BB689A68BB681A61BB68E5
:108330009A68BB681A62BB695A01FB69134403F56A
:1083400030631A69BB681B6AC3F31203B969480139
:10835000F969014401F5306113430B61BB695A01AE
:10836000FB69134403F530631B69BA695101FA696B
:108370000A4402F5306243F40023136162E000BF57
:108380000000F81FBB681B69002B23D1BB695A0191
:10839000FB69134403F530631A69BB689B68C3F338
:1083A0001203B9694801F969014401F530611343C9
:1083B0000B61BB695A01FB69134403F530631B6908
:1083C000BA695101FA690A4402F5306243F40023A4
:1083D000136137E0BB681A69BB689B6813445A1E77
:1083E000BB689B68B2FBF3F3FB82BB689B68FA8AAD
:1083F00003FB02F2BB681A62BB695A01FB691344B2
:1084000003F530631A69FB8AD904384B0B40B9690C
:108410004801F969014401F5306113430B61BB69FF
:108420005A01FB69134403F530631A69BB681B6A80
:10843000C3F31203B9694801F969014401F53061D8
:1084400013430B61FB79012B0DD1BB68DB68002B5B
:1084500009D0BB68D968BB695A01FB69134403F5AD
:1084600030630A465A61BB681B79012B28D1FB692E
:1084700003F500639B6803F48073002B10D1BB6984
:108480005A01FB69134403F530631B68BA69510153
:10849000FA690A4402F5306243F0005313600FE0BA
:1084A000BB695A01FB69134403F530631B68BA6961
:1084B0005101FA690A4402F5306243F080531360B7
:1084C000BB695A01FB69134403F530631B68BA6941
:1084D0005101FA690A4402F5306243F00443136023
:1084E000002318462037BD4680BD00BF0000F81F9E
:1084F00080B487B000AF786039600023FB60002350
:10850000FB757B683B613B685B78012B4AD13B681C
:108510001B785A013B69134403F510631B6803F091
:108520000043B3F1004F40F086803B681B785A014E
:108530003B69134403F510631B683A6812785101D4
:108540003A690A4402F5106243F0006313603B6825
:108550001B785A013B69134403F510631B683A68A2
:10856000127851013A690A4402F5106243F08043DF
:108570001360FB680133FB60FB6842F210729342A8
:1085800002D90123FB7556E03B681B785A013B6911
:10859000134403F510631B6803F00043B3F1004F6D
:1085A000E7D048E03B681B785A013B69134403F568
:1085B00030631B6803F00043B3F1004F3BD13B68CD
:1085C0001B785A013B69134403F530631B683A6812
:1085D000127851013A690A4402F5306243F00063AF
:1085E00013603B681B785A013B69134403F5306301
:1085F0001B683A68127851013A690A4402F5306200
:1086000043F080431360FB680133FB60FB6842F278
:108610001072934202D90123FB750CE03B681B7872
:108620005A013B69134403F530631B6803F00043B0
:10863000B3F1004FE7D0FB7D18461C37BD465DF80F
:10864000047B704780B489B000AFF860B960114610
:108650001A460B46FB711346BB80FB687B61BB6807
:10866000FB6197F82830002B23D1BB8803339B088C
:108670003B610023BB6118E0FB791A037B6913445B
:1086800003F580531A46FB691B681360FB690133CD
:10869000FB61FB690133FB61FB690133FB61FB6932
:1086A0000133FB61BB690133BB61BA693B699A4223
:1086B000E2D3002318462437BD465DF8047B70479B
:1086C00080B48BB000AFF860B9601346FB80FB68E4
:1086D000BB61BB687B62FB889B089BB27B61FB88AC
:1086E00003F00303FB8300233B6214E0BB6903F543
:1086F00080531A687B6A1A607B6A01337B627B6AEB
:1087000001337B627B6A01337B627B6A01337B626C
:108710003B6A01333B623A6A7B699A42E6D3FB8B40
:10872000002B1ED000233B62BB6903F580531A4621
:1087300007F1100312681A603A693B6ADBB2DB008A
:1087400022FA03F3DAB27B6A1A703B6A01333B62A6
:108750007B6A01337B62FB8B013BFB83FB8B002B32
:10876000EAD17B6A18462C37BD465DF8047B70471A
:1087700080B485B000AF786039607B68FB603B688F
:108780001B78BB603B685B78012B2CD1BB685A011E
:10879000FB68134403F510631B68002B12DBBB68F6
:1087A000002B0FD0BB685A01FB68134403F510631C
:1087B0001B68BA685101FA680A4402F5106223F096
:1087C00080431360BB685A01FB68134403F51063D0
:1087D0001B68BA685101FA680A4402F5106243F452
:1087E000001313602BE0BB685A01FB68134403F5C8
:1087F00030631B68002B12DBBB68002B0FD0BB68FB
:108800005A01FB68134403F530631B68BA685101D1
:10881000FA680A4402F5306223F080431360BB68B3
:108820005A01FB68134403F530631B68BA685101B1
:10883000FA680A4402F5306243F40013136000231F
:1088400018461437BD465DF8047B704780B485B088
:1088500000AF786039607B68FB603B681B78BB6069
:108860003B685B78012B28D1BB685A01FB68134435
:1088700003F510631B68BA685101FA680A4402F5EF
:10888000106223F4001313603B681B79032B03D0A1
:108890003B681B79022B38D1BB685A01FB68134433
:1088A00003F510631B68BA685101FA680A4402F5BF
:1088B000106243F08053136027E0BB685A01FB68E5
:1088C000134403F530631B68BA685101FA680A441F
:1088D00002F5306223F4001313603B681B79032B0D
:1088E00003D03B681B79022B0FD1BB685A01FB6890
:1088F000134403F530631B68BA685101FA680A44EF
:1089000002F5306243F08053136000231846143799
:10891000BD465DF8047B704780B485B000AF7860D9
:108920000B46FB707B68FB60FB6803F500631B680C
:10893000FA6802F5006223F4FE631360FB6803F536
:1089400000631A68FB781B0103F4FE63F96801F504
:10895000006113430B60002318461437BD465DF8D1
:10896000047B704780B485B000AF78607B68FB60A3
:10897000FB6803F560631B68FA6802F5606223F028
:1089800003031360FB6803F500635B68FA6802F594
:10899000006223F002035360002318461437BD46DB
:1089A0005DF8047B704780B485B000AF78607B6869
:1089B000FB60FB6803F560631B68FA6802F56062A0
:1089C00023F003031360FB6803F500635B68FA6838
:1089D00002F5006243F00203536000231846143787
:1089E000BD465DF8047B704780B485B000AF786009
:1089F0007B685B69FB607B689B69FA681340FB607E
:108A0000FB6818461437BD465DF8047B704780B498
:108A100085B000AF78607B68FB60FB6803F500639E
:108A20009B69BB60FB6803F50063DB69BA681340B0
:108A3000BB60BB681B0C18461437BD465DF8047B51
:108A4000704780B485B000AF78607B68FB60FB68DE
:108A500003F500639B69BB60FB6803F50063DB699A
:108A6000BA681340BB60BB689BB218461437BD465A
:108A70005DF8047B704780B485B000AF78600B462A
:108A8000FB707B68FB60FB785A01FB68134403F5BD
:108A900030639B68BB60FB6803F500635B69BA6881
:108AA0001340BB60BB6818461437BD465DF8047BB5
:108AB000704780B487B000AF78600B46FB707B686E
:108AC0007B617B6903F500631B693B617B6903F58F
:108AD00000635B6BFB60FB7803F00F03FA6822FA1C
:108AE00003F3DB01DBB23A6913433B61FB785A01C4
:108AF0007B69134403F510639B683A691340BB60BC
:108B0000BB6818461C37BD465DF8047B704780B4CF
:108B100083B000AF78607B685B6903F0010318469F
:108B20000C37BD465DF8047B704780B485B000AF5C
:108B300078607B68FB60FB6803F510631B68FA686C
:108B400002F5106223F4FF6323F007031360FB6850
:108B500003F500635B68FA6802F5006243F4807312
:108B60005360002318461437BD465DF8047B7047F8
:108B700080B487B000AFF8600B467A60FB72FB6888
:108B80007B61FB683C3304331B683B613B69264ACD
:108B900093420AD97B6903F530631B6803F00043F5
:108BA000B3F1004F01D1002337E07B6903F5306357
:108BB0001A46002313617B6903F530631B697A69E8
:108BC00002F5306243F4002313617B6903F53063DF
:108BD0001B697A6902F5306243F0180313617B69FF
:108BE00003F530631B697A6902F5306243F0C043D4
:108BF0001361FB7A012B0FD17B6903F530631A46B1
:108C00007B6853617B6903F530631B687A6902F501
:108C1000306243F080231360002318461C37BD46A2
:108C20005DF8047B704700BF0A30544F80B485B0B4
:108C300000AF78600023FB60FB680133FB60FB68DA
:108C4000B3F1706F01D9032322E07B681B69002B0D
:108C5000F2DA0A23FB6002E0FB68013BFB60FB6881
:108C6000002BF9D17B681B6943F001027B681A6114
:108C7000FB680133FB60FB68B3F1706F01D903231C
:108C800006E07B681B6903F00103012BF0D0002391
:108C900018461437BD465DF8047B704780B584B034
:108CA00000AF78600B46FB704FF4077002F0B2FC27
:108CB000F860FB68002B09D17B68D3F8D4227B686D
:108CC000B032002143F822100223D4E04FF407729F
:108CD0000021F86803F068FA7B68D3F8D4227B6837
:108CE000B032F96843F822107B68D3F8D4227B684D
:108CF000B03253F822207B68C3F8BC227B681B7C0F
:108D0000002B38D15E4B19784FF40073022278683B
:108D100002F05DFB5A4B1B7803F00F027968134693
:108D20009B0013449B000B44233301221A70554BC4
:108D300019784FF400730222786802F048FB514B17
:108D40001B7803F00F02796813469B0013449B00C5
:108D50000B4403F2631301221A704B4B1B7803F090
:108D60000F02796813469B0013449B000B441C338D
:108D700010221A6035E0424B1978402302227868AD
:108D800002F025FB3E4B1B7803F00F027968134677
:108D90009B0013449B000B44233301221A70394B70
:108DA000197840230222786802F011FB354B1B78BA
:108DB00003F00F02796813469B0013449B000B4499
:108DC00003F2631301221A702F4B1B7803F00F027A
:108DD000796813469B0013449B000B441C331022FC
:108DE0001A60294B197808230322786802F0EFFAF9
:108DF000254B1B7803F00F02796813469B00134440
:108E00009B000B44233301221A70FB680022C3F835
:108E100004227B68D3F8D4327A68B0339B001344C1
:108E20005B681B689847FB680022C3F81422FB6844
:108E30000022C3F81822FB68D3F80432002B01D1BA
:108E4000022318E07B681B7C002B0AD10D4B19789C
:108E5000FB68D3F804224FF40073786802F0A6FB95
:108E600008E0084B1978FB68D3F80422402378689F
:108E700002F09CFB002318461037BD4680BD00BFA2
:108E8000D7000020D8000020D900002080B582B093
:108E900000AF78600B46FB703A4B1B781946786838
:108EA00002F0BBFA374B1B7803F00F0279681346C8
:108EB0009B0013449B000B44233300221A70324B57
:108EC0001B781946786802F0A8FA2F4B1B7803F03C
:108ED0000F02796813469B0013449B000B4403F276
:108EE000631300221A70294B1B781946786802F028
:108EF00094FA264B1B7803F00F02796813469B0007
:108F000013449B000B44233300221A701F4B1B7821
:108F100003F00F02796813469B0013449B000B4437
:108F20001C3300221A607B68D3F8D4227B68B032ED
:108F300053F82230002B1FD07B68D3F8D4327A68E4
:108F4000B0339B0013445B685B6898477B68D3F839
:108F5000D4227B68B03253F82230184602F068FB06
:108F60007B68D3F8D4227B68B032002143F822100A
:108F70007B680022C3F8BC22002318460837BD4690
:108F800080BD00BFD7000020D8000020D9000020FD
:108F900080B586B000AF786039607B68D3F8D422A2
:108FA0007B68B03253F822303B6100237B7300238F
:108FB0007B810023FB753B69002B01D10323BFE0BC
:108FC0003B681B7803F06003002B50D0202B40F04F
:108FD000AF803B68DB88002B3AD03B681B785BB2E4
:108FE000002B1BDA7B68D3F8D4327A68B0339B004D
:108FF00013445B689B683A68507839693A68D2884C
:1090000098473B68DB88072B28BF0723FB813B6918
:10901000FA891946786801F0A9FD90E03B685A7812
:109020003B6983F800223B68DB883F2B03D83B6811
:10903000DB88DAB200E040223B6983F8012239691B
:109040003B6993F801321A46786801F0BEFD76E07C
:109050007B68D3F8D4327A68B0339B0013445B68E2
:109060009B683A68507800223968984767E03B6807
:109070005B780B2B51D801A252F823F0AD90000879
:10908000299100081B9100081B9100081B91000802
:109090001B9100081B9100081B9100081B91000800
:1090A0001B910008D7900008019100087B6893F895
:1090B0009C32DBB2032B07D107F10A0302221946C7
:1090C000786801F053FD32E03968786801F0D1FC2E
:1090D0000323FB752BE07B6893F89C32DBB2032BF8
:1090E00007D107F10D0301221946786801F03EFD12
:1090F0001DE03968786801F0BCFC0323FB7516E0BD
:109100007B6893F89C32DBB2032B0FD03968786808
:1091100001F0AFFC0323FB7508E03968786801F0C3
:10912000A8FC0323FB7502E000BF08E000BF06E0D7
:109130003968786801F09DFC0323FB7500BFFB7D57
:1091400018461837BD4680BD80B584B000AF786042
:109150000B46FB707B68D3F8C832FB607B68D3F8A2
:10916000D4227B68B03253F82230002B01D1032384
:1091700065E07B68D3F8D4227B68B03253F82230A4
:10918000BB60FB7803F00F02796813469B00134421
:109190009B000B4414331B68002B2FD0FB7803F08B
:1091A0000F02796813469B0013449B000B44143351
:1091B0001A68FB7803F00F01F8680B46DB000B44DC
:1091C0009B0003441C331B68B2FBF3F101FB03F368
:1091D000D31A002B12D1FB7803F00F0279681346E3
:1091E0009B0013449B000B44143300221A60F9784F
:1091F00000230022786802F0B8F91FE0BB68002263
:10920000C3F814227B68D3F8D4327A68B0339B0059
:1092100013445B681B69002B10D07B68D3F8D432F1
:109220007A68B0339B0013445B681B69BA68D2F854
:109230000802BA6802F50471FA78984700231846C4
:109240001037BD4680BD80B584B000AF78600B4656
:10925000FB707B68D3F8D4227B68B03253F822309D
:10926000FB607B68D3F8D4227B68B03253F822309D
:10927000002B01D103231AE0FB781946786802F02D
:10928000B6F90246FB68C3F80C227B68D3F8D432E7
:109290007A68B0339B0013445B68DB68FA68D2F8E5
:1092A0000402FA6802F50372114698470023184633
:1092B0001037BD4680BD80B584B000AF78607B6854
:1092C000D3F8D4227B68B03253F82230FB60FB68BD
:1092D000002B01D1032324E07B68D3F8D4327A68D1
:1092E000B0339B0013445B68002B19D0FB6893F8E4
:1092F0000032FF2B14D07B68D3F8D4327A68B033B5
:109300009B0013445B689B68FA6892F80002F96856
:10931000FA6892F801229847FB68FF2283F800223E
:10932000002318461037BD4680BD000080B586B0CA
:1093300000AF78608221184800F062FD7861012159
:10934000154800F05DFD38618121134800F058FD9B
:10935000F8607B69002B02D07B6910229A713B690F
:10936000002B06D03B69002242F040021A71002215
:109370005A71FB68002B06D0FB68002242F04002C5
:109380001A7100225A717B6843221A80024B1846D8
:109390001837BD4680BD00BF9400002080B586B060
:1093A00000AF78608221184800F02AFD7861012121
:1093B000154800F025FD38618121134800F020FD9B
:1093C000F8607B69002B02D07B6910229A713B699F
:1093D000002B06D03B6900221A71002242F00202E3
:1093E0005A71FB68002B06D0FB6800221A7100221C
:1093F00042F002025A717B6843221A80024B1846DF
:109400001837BD4680BD00BF9400002080B586B0EF
:1094100000AF78608221184800F0F2FC78610121E9
:10942000154800F0EDFC38618121134800F0E8FC9C
:10943000F8607B69002B02D07B6910229A713B692E
:10944000002B06D03B69002242F040021A71002234
:109450005A71FB68002B06D0FB68002242F04002E4
:109460001A7100225A717B6843221A80024B1846F7
:109470001837BD4680BD00BF9400002080B483B083
:1094800000AF78607B680A221A80034B18460C37BD
:10949000BD465DF8047B70475000002080B483B067
:1094A00000AF786039603B68002B01D1032309E0ED
:1094B0007B68D3F8D4327A68B0339B0013443A689F
:1094C0005A60002318460C37BD465DF8047B704790
:1094D00080B487B000AFF860B9607A60FB68D3F8F9
:1094E000D422FB68B03253F822307B617B69002BB9
:1094F00001D1032308E07B69BA68C3F808227B69BD
:109500007A68C3F81022002318461C37BD465DF860
:10951000047B704780B485B000AF786039607B68A9
:10952000D3F8D4227B68B03253F82230FB60FB685A
:10953000002B01D1032304E0FB683A68C3F804223E
:10954000002318461437BD465DF8047B70470000C1
:1095500080B584B000AF78607B68D3F8D4227B6894
:10956000B03253F82230BB600123FB73BB68002B81
:1095700001D1032325E0BB68D3F81432002B1FD19F
:10958000BB680122C3F81422104B1B7803F00F02B2
:10959000BB68D3F81012786813469B0013449B00F5
:1095A000034414331960094B1978BB68D3F80822B7
:1095B000BB68D3F81032786801F0D7FF0023FB7343
:1095C000FB7B18461037BD4680BD00BFD70000208A
:1095D00080B584B000AF78607B68D3F8D4227B6814
:1095E000B03253F82230FB607B68D3F8D4227B681A
:1095F000B03253F82230002B01D1032318E07B68EE
:109600001B7C002B0AD10C4B1978FB68D3F8042281
:109610004FF40073786801F0C9FF08E0064B197831
:10962000FB68D3F804224023786801F0BFFF0023D1
:1096300018461037BD4680BDD800002080B586B0E2
:1096400000AFF860B9601346FB71FB68002B01D1D5
:1096500003231FE0FB680022C3F8B822FB68002246
:10966000C3F8C422FB680022C3F8D022BB68002BD9
:1096700003D0FB68BA68C3F8B422FB68012283F800
:109680009C22FB68FA791A70F86801F039FE0346EB
:10969000FB75FB7D18461837BD4680BD80B584B08C
:1096A00000AF786039600023FB813B68002B01D15B
:1096B000032325E07B683A68C3F8B8227B68D3F8B7
:1096C000D4227B68AE3253F82230DB6A002B0FD0F5
:1096D0007B68D3F8D4227B68AE3253F82230DB6A41
:1096E00007F10E021046984702467B68C3F8D02265
:1096F0007B68D3F8D8325A1C7B68C3F8D822002381
:1097000018461037BD4680BD80B582B000AF786086
:10971000786801F041FE034618460837BD4680BD13
:1097200080B483B000AF7860002318460C37BD4684
:109730005DF8047B704780B584B000AF78600B465D
:10974000FB700023FB737B68D3F8B832002B09D081
:109750007B68D3F8B8321B68FA7811467868984766
:109760000346FB73FB7B18461037BD4680BD80B5B2
:1097700084B000AF78600B46FB700023FB737B68FE
:10978000D3F8B8325B68FA78114678689847034690
:10979000002B01D00323FB73FB7B18461037BD461B
:1097A00080BD80B584B000AF786039607B6803F21B
:1097B000AA233968184601F022F97B680122C3F810
:1097C00094227B68B3F8B0321A467B68C3F89822BB
:1097D0007B6893F8AA3203F01F03022B1AD0022BE6
:1097E00022D8002B02D0012B0AD01DE07B6803F2A7
:1097F000AA231946786800F077FB0346FB7320E044
:109800007B6803F2AA231946786800F0DFFB034661
:10981000FB7316E07B6803F2AA231946786800F010
:1098200041FC0346FB730CE07B6893F8AA3223F0FB
:109830007F03DBB21946786801F00EFE0346FB7326
:1098400000BFFB7B18461037BD4680BD80B586B093
:1098500000AFF8600B467A60FB720023FB75FB7A61
:10986000002B77D1FB6803F5AA733B61FB68D3F843
:109870009432032B40F0A1803B695B683A6992897E
:1098800093421CD93B695B683A6992899A1A3B6991
:109890005A603B691B693A6992891A443B691A61AB
:1098A0003B6919693B699B891A463B695B6893422E
:1098B00038BF13461A46F86801F0A8F97DE0FB6846
:1098C00093F8AA3203F01F03022B14D0022B1DD8E9
:1098D000002B02D0012B03D018E00023BB7518E049
:1098E000FB68B3F8AE32DBB21946F86800F06EFAE6
:1098F0000346BB750DE0FB68B3F8AE32DBB2194628
:10990000F86800F070FA0346BB7502E00023BB75EF
:1099100000BFBB7D002B19D1FB6893F89C32DBB2F2
:10992000032B13D1BA7DFB68AE3253F822301B698A
:10993000002B0BD0BA7DFB68C3F8D422BA7DFB683C
:10994000AE3253F822301B69F8689847F86801F086
:109950006EF932E0FB7A03F07F03DBB21946F86858
:1099600000F041FA0346BB75BB7DFF2B25D0BB7DC4
:10997000002B22D1FB6893F89C32DBB2032B17D16A
:10998000BA7DFB68AE3253F822309B69002B0FD0B2
:10999000BA7DFB68C3F8D422BA7DFB68AE3253F8B7
:1099A00022309B69FA7A1146F86898470346FB759E
:1099B000FB7D002B01D0FB7D00E00023184618370B
:1099C000BD4680BD80B586B000AFF8600B467A60BA
:1099D000FB72FB7A002B78D1FB6814333B61FB6888
:1099E000D3F89432022B63D13B695B683A69928960
:1099F00093421CD93B695B683A6992899A1A3B6920
:109A00005A603B691B693A6992891A443B691A6139
:109A10003B6919693B695B681A46F86801F0C4F84C
:109A2000002300220021F86801F0C0FD40E03B69FE
:109A30009B891A463B695B689A421CD13B691B684B
:109A40003A699289934216D33B691A68FB68D3F846
:109A500098329A420FD200220021F86801F0A4F84F
:109A6000FB680022C3F89822002300220021F86836
:109A700001F09CFD1CE0FB6893F89C32DBB2032BE9
:109A80000FD1FB68D3F8B832DB68002B09D0FB6834
:109A90000022C3F8D422FB68D3F8B832DB68F86838
:109AA00098478021F86801F0D7FCF86801F0D2F8F7
:109AB000FB6893F8A032002B3AD0F868FFF730FE2D
:109AC000FB68002283F8A02232E0FB7A63F07F0378
:109AD000DBB21946F86800F086F90346FB75FB7D9A
:109AE000FF2B25D0FB7D002B22D1FB6893F89C3205
:109AF000DBB2032B1CD1FA7DFB68AE3253F8223067
:109B00005B69002B14D0FA7DFB68C3F8D422FA7D80
:109B1000FB68AE3253F822305B69FA7A1146F86876
:109B200098470346BB75BB7D002B01D0BB7D00E091
:109B3000002318461837BD4680BD80B584B000AFFD
:109B400078600023FB737B68012283F89C227B688A
:109B50000022C3F894227B6800225A607B680022AE
:109B6000C3F8A4227B68002283F8A0227B68D3F884
:109B7000B832002B14D07B68D3F8B8325B68002B66
:109B80000ED07B68D3F8B8325B687A685268D2B27C
:109B90001146786898470346002B01D00323FB73D6
:109BA000402300220021786801F011FC7B6801222B
:109BB00083F863217B684022A3F8602140230022C0
:109BC0008021786801F003FC7B68012283F8232060
:109BD0007B6840221A84FB7B18461037BD4680BD47
:109BE00080B483B000AF78600B46FB707B68FA7876
:109BF0001A74002318460C37BD465DF8047B704785
:109C000080B483B000AF78607B6893F89C32DBB29D
:109C1000042B06D07B6893F89C32DAB27B6883F819
:109C20009D227B68042283F89C22002318460C376F
:109C3000BD465DF8047B704780B483B000AF7860A8
:109C40007B6893F89C32DBB2042B06D17B6893F8D7
:109C50009D32DAB27B6883F89C22002318460C37C9
:109C6000BD465DF8047B704780B582B000AF786078
:109C70007B6893F89C32DBB2032B10D17B68D3F85E
:109C8000B832002B0BD07B68D3F8B832DB69002BDD
:109C900005D07B68D3F8B832DB6978689847002331
:109CA00018460837BD4680BD80B582B000AF7860E9
:109CB0000B46FB707B68D3F8D4227B68AE3253F836
:109CC0002230002B01D103231CE07B6893F89C32E7
:109CD000DBB2032B15D17B68D3F8D4227B68AE327C
:109CE00053F822301B6A002B0BD07B68D3F8D422A8
:109CF0007B68AE3253F822301B6AFA7811467868D6
:109D00009847002318460837BD4680BD80B582B00D
:109D100000AF78600B46FB707B68D3F8D4227B6879
:109D2000AE3253F82230002B01D103231CE07B68B4
:109D300093F89C32DBB2032B15D17B68D3F8D42285
:109D40007B68AE3253F822305B6A002B0BD07B6805
:109D5000D3F8D4227B68AE3253F822305B6AFA78AB
:109D6000114678689847002318460837BD4680BDDD
:109D700080B483B000AF7860002318460C37BD462E
:109D80005DF8047B704780B584B000AF7860002335
:109D9000FB737B68012283F89C227B68D3F8B8327E
:109DA000002B0ED07B68D3F8B8325B687A685268B3
:109DB000D2B21146786898470346002B01D003239E
:109DC000FB73FB7B18461037BD4680BD80B483B063
:109DD00000AF78600B46FB70002318460C37BD4679
:109DE0005DF8047B704780B483B000AF78600B46A9
:109DF000FB70002318460C37BD465DF8047B7047A6
:109E000080B586B000AF78600B46FB707B687B61E5
:109E10007B68FB6000233B61FB685B889BB2FA6850
:109E2000127893421FD9FB681B787B8113E007F1FE
:109E30000A031946786900F01BF878617B695B7842
:109E4000052B08D17B693B613B699B78FA789A4284
:109E500008D000233B61FB685B889AB27B899A42F9
:109E6000E5D800E000BF3B6918461837BD4680BD05
:109E700080B485B000AF786039607B68FB603B6878
:109E80001B88FA68127813449AB23B681A80FB6800
:109E90001B781A467B681344FB60FB68184614372E
:109EA000BD465DF8047B704780B487B000AF786032
:109EB0007B687B617B691B787B827B6901337B617B
:109EC0007B691B783B82B7F910301B021AB2B7F9D5
:109ED000123013431BB2FB81FB8918461C37BD4669
:109EE0005DF8047B7047000080B584B000AF7860F7
:109EF00039600023FB733B681B7803F06003402B41
:109F000005D0402B57D8002B0FD0202B53D17B6886
:109F1000D3F8D4227B68AE3253F822309B6839687C
:109F2000786898470346FB734AE03B685B78092BE7
:109F30003BD801A252F823F08D9F0008A19F000892
:109F4000AB9F0008979F0008AB9F00086B9F00081D
:109F5000619F0008AB9F0008839F0008759F000861
:109F60003968786800F03EFA24E03968786800F0D3
:109F7000A3FB1FE03968786800F0E2FB0346FB733F
:109F800018E03968786800F085FC13E03968786873
:109F900000F0B6FC0EE03968786800F0E5FC09E0F6
:109FA0003968786800F009FD04E03968786800F0E5
:109FB00060FD00BF04E03968786800F05AFD00BF1A
:109FC000FB7B18461037BD4680BD00BF80B584B00E
:109FD00000AF786039600023FB733B681B7803F0A7
:109FE0006003402B05D0402B52D8002B01D0202BF2
:109FF0004ED17B6893F89C32DBB2013B022B40D8F8
:10A000003B689B88DBB2012B36D83B689B88DBB270
:10A0100019467868FFF7DAFE0346BB73BB7BFF2B5C
:10A020001DD0BB7B002B1AD1BA7B7B68AE3253F8B4
:10A0300022309B68002B0FD0BA7B7B68C3F8D422F8
:10A04000BA7B7B68AE3253F822309B6839687868F7
:10A0500098470346FB7304E00323FB7301E00323EB
:10A06000FB733B68DB88002B10D1FB7B002B0DD1F1
:10A07000786800F0DCFD09E03968786800F0F9FCE8
:10A0800004E03968786800F0F4FC00E000BF04E008
:10A090003968786800F0EDFC00BFFB7B184610378C
:10A0A000BD4680BD80B584B000AF786039600023C4
:10A0B000FB733B689B88BB733B681B7803F06003B2
:10A0C000402B07D0402B00F28181002B2AD0202B7F
:10A0D00040F07C81BB7B19467868FFF784FE03461D
:10A0E0007B737B7BFF2B00F076817B7B002B40F02A
:10A0F00072817A7B7B68C3F8D4227A7B7B68AE322C
:10A1000053F822309B68002B00F065817A7B7B68D6
:10A11000AE3253F822309B68396878689847034616
:10A12000FB7358E13B685B78032B08D0032B00F3EB
:10A130004781002B00F09B80012B3CD040E17B68E5
:10A1400093F89C32DBB2022B02D0032B16D02CE00A
:10A15000BB7B002B0DD0BB7B802B0AD0BB7B194671
:10A16000786801F079F98021786801F075F900BF0D
:10A1700020E03968786800F07CFC1BE03B685B8875
:10A18000002B0ED1BB7B002B0BD0BB7B802B08D0D0
:10A190003B68DB88002B04D1BB7B1946786801F053
:10A1A0005BF9786800F043FD04E03968786800F0F6
:10A1B00060FC00BF09E17B6893F89C32DBB2022BA4
:10A1C00002D0032B16D04BE0BB7B002B0DD0BB7B0A
:10A1D000802B0AD0BB7B1946786801F03DF98021BD
:10A1E000786801F039F900BF40E03968786800F01C
:10A1F00040FC3BE03B685B88002B36D1BB7B03F027
:10A200007F03002B04D0BB7B1946786801F043F92B
:10A21000786800F00CFDBB7B19467868FFF7E3FD1A
:10A2200003467B737B7BFF2B1FD07B7B002B1CD1DA
:10A230007A7B7B68C3F8D4227A7B7B68AE3253F892
:10A2400022309B68002B10D07A7B7B68AE3253F8AB
:10A2500022309B683968786898470346FB7304E0AE
:10A260003968786800F005FC00E000BFADE07B686D
:10A2700093F89C32DBB2022B02D0032B33D099E04F
:10A28000BB7B002B07D0BB7B802B04D03968786860
:10A2900000F0EFFB93E097F90E30002B0BDABB7B5D
:10A2A00003F07F0213469B0013449B0010337A682F
:10A2B000134404330BE0BB7B03F07F0213469B0087
:10A2C00013449B0003F5A8737A6813440433BB60FE
:10A2D000BB6800229A73BB680E3302221946786865
:10A2E00000F044FC6BE097F90E30002B11DABB7BD9
:10A2F00003F00F02796813469B0013449B000B4444
:10A3000023331B78002B17D13968786800F0B1FB34
:10A3100055E0BB7B03F00F02796813469B001344A2
:10A320009B000B4403F263131B78002B04D13968A4
:10A33000786800F09EFB42E097F90E30002B0BDAB4
:10A34000BB7B03F07F0213469B0013449B0010333A
:10A350007A68134404330BE0BB7B03F07F0213469F
:10A360009B0013449B0003F5A8737A6813440433DD
:10A37000BB60BB7B002B02D0BB7B802B03D1BB68B7
:10A3800000229A730EE0BB7B1946786801F0A2F8B0
:10A390000346002B03D0BB6801229A7302E0BB681E
:10A3A00000229A73BB680E3302221946786800F0C7
:10A3B000DDFB04E03968786800F05BFB00BF04E077
:10A3C0003968786800F055FB00BF05E039687868A7
:10A3D00000F04FFB00E000BFFB7B18461037BD4686
:10A3E00080BD000080B584B000AF78603960002384
:10A3F0003B810023FB600023FB723B685B881B0AE8
:10A400009BB2013B062B00F2288101A252F823F0F7
:10A410002DA4000845A4000885A400085BA6000838
:10A420005BA60008FBA5000827A600087B68D3F8F8
:10A43000B4321B687A68127C07F10801104698470D
:10A44000F86012E17B681B7C002B0DD17B68D3F890
:10A45000B8329B6A07F1080210469847F860FB681B
:10A46000013302221A7000E17B68D3F8B832DB6A4C
:10A4700007F1080210469847F860FB680133022292
:10A480001A70F2E03B685B88DBB2052B00F2AC800F
:10A4900001A252F823F000BFB1A40008E5A400080F
:10A4A00019A500084DA5000881A50008B5A500085C
:10A4B0007B68D3F8B4325B68002B0BD07B68D3F891
:10A4C000B4325B687A68127C07F10801104698473D
:10A4D000F86091E03968786800F0CBFAFB7A0133D4
:10A4E000FB7289E07B68D3F8B4329B68002B0BD0F9
:10A4F0007B68D3F8B4329B687A68127C07F1080154
:10A5000010469847F86077E03968786800F0B1FA4B
:10A51000FB7A0133FB726FE07B68D3F8B432DB68FF
:10A52000002B0BD07B68D3F8B432DB687A68127CDE
:10A5300007F1080110469847F8605DE039687868CF
:10A5400000F097FAFB7A0133FB7255E07B68D3F891
:10A55000B4321B69002B0BD07B68D3F8B4321B6973
:10A560007A68127C07F1080110469847F86043E0CA
:10A570003968786800F07DFAFB7A0133FB723BE0C2
:10A580007B68D3F8B4325B69002B0BD07B68D3F8BF
:10A59000B4325B697A68127C07F10801104698476B
:10A5A000F86029E03968786800F063FAFB7A0133D3
:10A5B000FB7221E07B68D3F8B4329B69002B0BD08F
:10A5C0007B68D3F8B4329B697A68127C07F1080182
:10A5D00010469847F8600FE03968786800F049FA4B
:10A5E000FB7A0133FB7207E03968786800F041FAC2
:10A5F000FB7A0133FB7200BF37E07B681B7C002BCA
:10A6000009D17B68D3F8B8325B6B07F108021046BA
:10A610009847F86029E03968786800F02AFAFB7AF0
:10A620000133FB7221E07B681B7C002B0DD17B6822
:10A63000D3F8B8321B6B07F1080210469847F86050
:10A64000FB68013307221A700FE03968786800F060
:10A6500010FAFB7A0133FB7207E03968786800F082
:10A6600008FAFB7A0133FB7200BFFB7A002B1ED184
:10A670003B68DB88002B16D03B89002B0ED03B6853
:10A68000DA883B89934228BF13469BB23B813B89C2
:10A690001A46F968786800F069FA09E0396878685C
:10A6A00000F0E7F904E0786800F0C1FA00E000BFCC
:10A6B0001037BD4680BD00BF80B584B000AF786064
:10A6C00039603B689B88002B31D13B68DB88002BCD
:10A6D0002DD13B685B887F2B29D83B685B88DBB238
:10A6E00003F07F03FB737B6893F89C32DBB2032B90
:10A6F00004D13968786800F0BCF91DE07B68FA7B0A
:10A7000083F89E22FB7B1946786800F00FFF78687B
:10A7100000F08DFAFB7B002B04D07B68022283F8CB
:10A720009C2209E07B68012283F89C2204E03968BE
:10A73000786800F09EF900BF00BF1037BD4680BDAD
:10A7400080B584B000AF786039600023FB733B684C
:10A750005B88DAB24E4B1A704D4B1B78012B05D932
:10A760003968786800F085F903238CE07B6893F8FA
:10A770009C32DBB2022B02D0032B29D075E0444B74
:10A780001B78002B20D0424B1B781A467B685A60FE
:10A790003F4B1B7819467868FEF7CDFF0346FB73E5
:10A7A000FB7B002B08D03968786800F062F97B6881
:10A7B000022283F89C2265E0786800F038FA7B6812
:10A7C000032283F89C225DE0786800F030FA59E0BB
:10A7D0002F4B1B78002B12D17B68022283F89C221E
:10A7E0002B4B1B781A467B685A60294B1B781946FD
:10A7F0007868FEF7BCFF786800F019FA42E0244B55
:10A800001B781A467B685B689A422AD07B685B6833
:10A81000DBB219467868FEF7AAFF1D4B1B781A4673
:10A820007B685A601A4B1B7819467868FEF783FFDD
:10A830000346FB73FB7B002B0FD03968786800F070
:10A8400018F97B685B68DBB219467868FEF78FFF02
:10A850007B68022283F89C2214E0786800F0E7F914
:10A8600010E0786800F0E3F90CE03968786800F0EF
:10A8700000F9074B1B7819467868FEF778FF032329
:10A88000FB7300BFFB7B18461037BD4680BD00BF81
:10A89000BC04002080B582B000AF786039603B68AE
:10A8A000DB88012B04D03968786800F0E2F823E0F7
:10A8B0007B6893F89C32DBB2022B02DC002B03DCBA
:10A8C00015E0032B0BD012E07B6800229A607B68B6
:10A8D000083301221946786800F048F90CE07B68DB
:10A8E000043301221946786800F040F904E0396821
:10A8F000786800F0BEF800BF00BF0837BD4680BDD5
:10A9000080B582B000AF786039607B6893F89C3284
:10A91000DBB2013B022B1ED83B68DB88022B04D044
:10A920003968786800F0A5F81AE07B680122DA60DF
:10A930007B68D3F8A432002B05D07B68DB6843F03A
:10A9400002027B68DA607B680C3302221946786861
:10A9500000F00CF904E03968786800F08AF800BF6C
:10A9600000BF0837BD4680BD80B582B000AF7860BB
:10A9700039603B685B88012B07D17B680122C3F8F3
:10A98000A422786800F053F913E03B685B88022B3F
:10A990000BD13B689B881B0A9BB2DAB27B6883F8B9
:10A9A000A022786800F043F903E03968786800F085
:10A9B00060F800BF0837BD4680BD80B582B000AFEB
:10A9C000786039607B6893F89C32DBB2013B022BE4
:10A9D0000BD83B685B88012B0CD17B680022C3F845
:10A9E000A422786800F023F904E03968786800F060
:10A9F00040F800E000BF00BF0837BD4680BD80B50D
:10AA000084B000AF786039603B68FB60FB681A78FF
:10AA10007B681A70FB680133FB60FB681A787B68FF
:10AA20005A70FB680133FB60F868FFF73DFA034694
:10AA30001A467B685A80FB680133FB60FB68013370
:10AA4000FB60F868FFF730FA03461A467B689A8085
:10AA5000FB680133FB60FB680133FB60F868FFF7BC
:10AA600023FA03461A467B68DA8000BF1037BD46DA
:10AA700080BD80B582B000AF786039608021786891
:10AA800000F0EAFC0021786800F0E6FC00BF08371F
:10AA9000BD4680BD80B586B000AFF860B9607A6011
:10AAA0000023FB75FB68002B42D0FB683B613869D3
:10AAB00000F042F8034601335B00B3F5007F08D88D
:10AAC000386900F039F8034601339BB25B009AB253
:10AAD00001E04FF400727B681A80FB7DBA68134472
:10AAE0007A6812781A70FB7D0133FB75FB7DBA68BA
:10AAF000134403221A70FB7D0133FB7513E0FB7DC9
:10AB0000BA6813443A6912781A703B6901333B61A1
:10AB1000FB7D0133FB75FB7DBA68134400221A707C
:10AB2000FB7D0133FB753B691B78002BE7D100E00F
:10AB300000BF1837BD4680BD80B485B000AF7860D7
:10AB40000023FB737B68BB6005E0FB7B0133FB7379
:10AB5000BB680133BB60BB681B78002BF5D1FB7B66
:10AB600018461437BD465DF8047B704780B584B045
:10AB700000AFF860B9607A60FB680222C3F89422E3
:10AB8000FB687A685A61FB68BA685A62FB687A683F
:10AB90009A617B68BA680021F86800F0E6FC00233F
:10ABA00018461037BD4680BD80B584B000AFF86050
:10ABB000B9607A607B68BA680021F86800F0D5FC5B
:10ABC000002318461037BD4680BD80B584B000AF65
:10ABD000F860B9607A60FB680322C3F89422FB68CE
:10ABE0007A68C3F85421FB68BA68C3F86421FB682B
:10ABF0007A68C3F858217B68BA680021F86800F0C9
:10AC0000D5FC002318461037BD4680BD80B584B002
:10AC100000AFF860B9607A607B68BA680021F868B4
:10AC200000F0C4FC002318461037BD4680BD80B537
:10AC300082B000AF78607B680422C3F894220023BE
:10AC400000220021786800F090FC002318460837A5
:10AC5000BD4680BD80B582B000AF78607B680522BC
:10AC6000C3F89422002300220021786800F09EFCA3
:10AC7000002318460837BD4680BD000080B500AFF0
:10AC8000002212491248FEF7D9FC0346002B01D0DE
:10AC9000F7F704FA0F490E48FEF700FD0346002BB4
:10ACA00001D0F7F7FBF90C490948FEF7F7FB03461B
:10ACB000002B01D0F7F7F2F90548FEF725FD034612
:10ACC000002B01D0F7F7EAF900BF80BDF0000020AB
:10ACD000C00400205C000020DC00002080B500AF34
:10ACE000002205490548FEF7F3FB05490348FEF736
:10ACF00011FC0023184680BD9C0B0020C0040020DE
:10AD00009C07002080B400AF00231846BD465DF8C4
:10AD1000047B704780B483B000AF03463960FB7199
:10AD20001346BB80FB79232B4AD801A252F823F0AB
:10AD3000C1AD0008C1AD0008C1AD0008C1AD00083B
:10AD4000C1AD0008C1AD0008C1AD0008C1AD00082B
:10AD5000C1AD0008C1AD0008C1AD0008C1AD00081B
:10AD6000C1AD0008C1AD0008C1AD0008C1AD00080B
:10AD7000C1AD0008C1AD0008C1AD0008C1AD0008FB
:10AD8000C1AD0008C1AD0008C1AD0008C1AD0008EB
:10AD9000C1AD0008C1AD0008C1AD0008C1AD0008DB
:10ADA000C1AD0008C1AD0008C1AD0008C1AD0008CB
:10ADB000C1AD0008C1AD0008C1AD0008C1AD0008BB
:10ADC00000BF002318460C37BD465DF8047B704772
:10ADD00080B582B000AF7860396079680548FEF7C9
:10ADE00099FB0448FEF7F4FB002318460837BD46DC
:10ADF00080BD00BFC004002080B584B000AF786083
:10AE00000B467B800023FB730D4BD3F8BC32BB6039
:10AE1000BB68D3F81432002B01D001230BE07B88F0
:10AE20001A4679680648FEF753FB0548FEF790FB83
:10AE30000346FB73FB7B18461037BD4680BD00BF41
:10AE4000C004002080B487B000AFF860B96013463A
:10AE5000FB710023FB7597F9173018461C37BD4668
:10AE60005DF8047B7047000080B483B000AF0346F8
:10AE70003960FB713B6812221A80034B18460C376D
:10AE8000BD465DF8047B70470C01002080B483B0A0
:10AE900000AF03463960FB713B6804221A80034B04
:10AEA00018460C37BD465DF8047B70472001002032
:10AEB00080B582B000AF03463960FB71FB79002B8F
:10AEC00005D13A6807490848FFF7E4FD04E03A680D
:10AED00004490548FFF7DEFD024B18460837BD461A
:10AEE00080BD00BF9C0F00201CEA000880B582B026
:10AEF00000AF03463960FB713A6804490448FFF724
:10AF0000C9FD024B18460837BD4680BD9C0F002086
:10AF100034EA000880B582B000AF03463960FB71A7
:10AF20003B681A221A8000F043F8024B1846083793
:10AF3000BD4680BD2401002080B582B000AF03462D
:10AF40003960FB71FB79002B05D13A680749084845
:10AF5000FFF7A0FD04E03A6804490548FFF79AFDB1
:10AF6000024B18460837BD4680BD00BF9C0F00202D
:10AF700048EA000880B582B000AF03463960FB7133
:10AF8000FB79002B05D13A6807490848FFF782FD95
:10AF900004E03A6804490548FFF77CFD024B184677
:10AFA0000837BD4680BD00BF9C0F002054EA000852
:10AFB00080B584B000AF0F4B1B68FB600E4B1B6865
:10AFC000BB600E4B1B687B60FA687B681344FB60B8
:10AFD000FB68002B09D008220949F86800F014F832
:10AFE00004220849B86800F00FF800BF1037BD46CA
:10AFF00080BD00BF107AFF1F147AFF1F187AFF1F51
:10B00000260100203601002080B487B000AFF86030
:10B01000B9601346FB710023FB750023FB7527E025
:10B02000FB681B0F092B0BD8FB681B0FDAB2FB7DEB
:10B030005B001946BB680B443032D2B21A700AE08A
:10B04000FB681B0FDAB2FB7D5B001946BB680B4443
:10B050003732D2B21A70FB681B01FB60FB7D5B00CC
:10B060000133BA68134400221A70FB7D0133FB756B
:10B07000FA7DFB799A42D3D300BF00BF1C37BD468F
:10B080005DF8047B7047000080B58AB000AF78603F
:10B0900007F1140300221A605A609A60DA601A619C
:10B0A0007B681B68B3F1A04F3AD100233B611E4B74
:10B0B0001B6B1D4A43F0010313631B4B1B6B03F017
:10B0C00001033B613B694FF4C0537B610223BB61C9
:10B0D0000023FB6103233B620A237B6207F1140315
:10B0E00019461248F7F71EFD0F4B5B6B0E4A43F0F3
:10B0F000800353630023FB600B4B5B6C0A4A43F4F1
:10B1000080435364084B5B6C03F48043FB60FB6833
:10B11000002200214320F7F7CEFC4320F7F7E7FC9D
:10B1200000BF2837BD4680BD003802400000024005
:10B1300080B582B000AF78607B68D3F8E0247B688C
:10B1400003F29C4319461046FEF72BFB00BF08375D
:10B15000BD4680BD80B582B000AF78600B46FB7005
:10B160007B68D3F8E004FA7879681346DB0013446F
:10B170009B000B4403F518731A68FB781946FEF719
:10B1800065FB00BF0837BD4680BD80B582B000AF0B
:10B1900078600B46FB707B68D3F8E004FA78796836
:10B1A0001346DB0013449B000B4420331A68FB78E2
:10B1B0001946FEF707FC00BF0837BD4680BD80B5C5
:10B1C00082B000AF78607B68D3F8E0341846FEF7B1
:10B1D0004BFD00BF0837BD4680BD80B584B000AFD1
:10B1E00078600123FB737B68DB79022B01D0F6F7D3
:10B1F00055FF7B68D3F8E034FA7B11461846FEF71A
:10B20000EFFC7B68D3F8E0341846FEF796FC00BFED
:10B210001037BD4680BD000080B582B000AF7860B9
:10B220007B68D3F8E0341846FEF7EAFC7B681B68BD
:10B2300003F560631B687A68126802F5606243F088
:10B24000010313607B68DB7A002B05D0044B1B697C
:10B25000034A43F00603136100BF0837BD4680BDB3
:10B2600000ED00E080B582B000AF78607B68D3F875
:10B27000E0341846FEF7E0FC00BF0837BD4680BD4D
:10B2800080B582B000AF78600B46FB707B68D3F866
:10B29000E034FA7811461846FEF738FD00BF08374B
:10B2A000BD4680BD80B582B000AF78600B46FB70B4
:10B2B0007B68D3F8E034FA7811461846FEF7F4FCC0
:10B2C00000BF0837BD4680BD80B582B000AF786052
:10B2D0007B68D3F8E0341846FEF74AFD00BF083714
:10B2E000BD4680BD80B582B000AF78607B68D3F882
:10B2F000E0341846FEF747FD00BF0837BD4680BD65
:10B3000080B582B000AF78607B681B78002B3CD1A1
:10B31000204A7B68C2F8E0347B681E4AC3F8C82222
:10B320001C4B4FF0A0421A601A4B04221A71194BA1
:10B330000222DA71174B00229A71164B02225A72BE
:10B34000144B00229A72134B0022DA72114B002226
:10B350001A73104B00229A730E4B0022DA730D48B9
:10B36000F8F7D0FE0346002B01D0F6F797FE8021B8
:10B370000848FAF7FCF8402200210648FAF7B0F82E
:10B38000802201210348FAF7ABF80023184608375A
:10B39000BD4680BD9C11002080B584B000AF7860B0
:10B3A0000023FB730023BB737B68D3F8C8321846B5
:10B3B000F8F7B7FF0346FB73FB7B184600F042F932
:10B3C0000346BB73BB7B18461037BD4680BD80B5B6
:10B3D00084B000AF7860084611461A460346FB70F9
:10B3E0000B46BB7013463B800023FB730023BB73EB
:10B3F0007B68D3F8C802BB783A88F978F9F78BFCF8
:10B400000346FB73FB7B184600F01CF90346BB7335
:10B41000BB7B18461037BD4680BD80B584B000AFF9
:10B4200078600B46FB700023FB730023BB737B68C3
:10B43000D3F8C832FA7811461846F9F7D6FC034615
:10B44000FB73FB7B184600F0FDF80346BB73BB7B28
:10B4500018461037BD4680BD80B584B000AF786017
:10B460000B46FB700023FB730023BB737B68D3F890
:10B47000C832FA7811461846F9F78EFD0346FB7379
:10B48000FB7B184600F0DEF80346BB73BB7B184617
:10B490001037BD4680BD80B584B000AF78600B46E4
:10B4A000FB700023FB730023BB737B68D3F8C832A7
:10B4B000FA7811461846F9F7D2FD0346FB73FB7B79
:10B4C000184600F0BFF80346BB73BB7B1846103725
:10B4D000BD4680BD80B485B000AF78600B46FB7080
:10B4E0007B68D3F8C832FB6097F90330002B0BDA86
:10B4F000FB7803F07F02F9681346DB0013449B00DE
:10B500000B4416331B780BE0FB7803F07F02F968DD
:10B510001346DB0013449B000B4403F256231B78B5
:10B5200018461437BD465DF8047B704780B584B07B
:10B5300000AF78600B46FB700023FB730023BB73E6
:10B540007B68D3F8C832FA7811461846F9F7BFFB82
:10B550000346FB73FB7B184600F074F80346BB738D
:10B56000BB7B18461037BD4680BD80B586B000AFA6
:10B57000F8607A603B600B46FB720023FB7500238A
:10B58000BB75FB68D3F8C802F97A3B687A68F9F7AB
:10B59000C9FC0346FB75FB7D184600F053F80346D3
:10B5A000BB75BB7D18461837BD4680BD80B586B0DB
:10B5B00000AFF8607A603B600B46FB720023FB75BE
:10B5C0000023BB75FB68D3F8C802F97A3B687A6838
:10B5D000F9F755FC0346FB75FB7D184600F032F881
:10B5E0000346BB75BB7D18461837BD4680BD80B588
:10B5F00082B000AF78600B46FB707B68D3F8C8322E
:10B60000FA7811461846F9F775FC034618460837CC
:10B61000BD4680BD80B483B000AF7860034B184650
:10B620000C37BD465DF8047B704700BF80160020D4
:10B6300080B483B000AF786000BF0C37BD465DF8C2
:10B64000047B704780B485B000AF0346FB710023D4
:10B65000FB73FB79032B17D801A252F823F000BF2C
:10B6600071B6000877B600087DB6000883B60008FA
:10B670000023FB730BE00323FB7308E00123FB7340
:10B6800005E00323FB7302E00323FB7300BFFB7B96
:10B6900018461437BD465DF8047B70472DE9FF4717
:10B6A00057EC106B002F0C4619463B46BBBF07F109
:10B6B00000431F4600232D230B700D9BDDF830A0A7
:10B6C000914623F02008BCBF32461646B8F1460F1B
:10B6D00005D0B8F1450F00D10134022100E003216B
:10B6E00003AB019302AB009347EC106B5346224629
:10B6F00000F062FEB8F1470F054619D119F0010FAD
:10B700000ED000EB04090022002330463946F5F73D
:10B71000E3F908B1CDF80C903022039B4B451ED3C2
:10B72000039B0E9A5B1B2846136004B0BDE8F087AC
:10B73000B8F1460F00EB0409E5D10378302B0AD1AC
:10B740000022002330463946F5F7C6F918B9C4F18E
:10B750000104CAF80040DAF800309944D3E7591CD4
:10B7600003911A70D9E7F7B50029BABF49422D23D2
:10B770002B2309290270437029DD0DF107042546AA
:10B780000A272246B1FBF7F607FB1613303302F8FF
:10B79000013C0B46632B04F1FF343146F1DC3031C0
:10B7A000931E04F8011C411C1C46AB420AD30DF148
:10B7B00009039B1AA54238BF0023821C1344181AA0
:10B7C00003B0F0BD13F8016B01F8016FEDE7302312
:10B7D00030318370C170031DF1E700002DE9F04F97
:10B7E0008DB00C46DDF8588016461F46054600F021
:10B7F000E3FC036806931846F4F742FD00230A931E
:10B80000D8F8003094F818A0D4F800B007900733A7
:10B8100023F00703B3EC027B8DED047BC8F8003006
:10B82000DDE9048323F0004984ED127B9C4B4FF04B
:10B83000FF3240464946F5F781F970BB984B4FF00F
:10B84000FF3240464946F5F75BF930BBDDE90401BC
:10B8500000220023F5F74AF910B12D2384F8433074
:10B86000904A914BBAF1470F8CBF904698460323FC
:10B8700023612BF0040323604FF000090097334647
:10B880000BAA2146284600F0D1F9013040F08C8007
:10B890004FF0FF300DB0BDE8F08FDDE90423104616
:10B8A0001946F5F74BF940B1059B804A002BBCBF08
:10B8B0002D2384F843307E4BD4E763685A1C0AF08A
:10B8C000DF093BD1062363604BF4806200232260D2
:10B8D00003930AABCDE901A309AB009361689DED29
:10B8E000040B0DF123032846FFF7D8FEB9F1470FEB
:10B8F0000999804629D1C81C02DB63688B4241DA72
:10B90000AAF1020A5FFA8AFA0139524604F150009C
:10B910000991FFF728FF0A9A1318012A814623612B
:10B9200002DC2268D20701D5013323619DF8233060
:10B93000002BA3D02D2384F843309FE7B9F1470FA4
:10B94000C2D1002BC0D10123BDE7BAF1650FDBD90D
:10B95000BAF1660F18D1002963680BDD216113B9B4
:10B960002268D00702D501330B442361A1654FF053
:10B970000009DBE713B92268D20701D50233F4E7E7
:10B980000123F2E74FF0670A0A9B8B4205DC23682C
:10B990002161D807EAD54B1CE7E70029D4BFC1F1E4
:10B9A000020201221344E0E723685A0507D4236901
:10B9B000424631462846B84701302BD168E7BAF1F4
:10B9C000650F40F2DD80D4E9120100220023F5F773
:10B9D00083F8002833D0374A012331462846B84738
:10B9E00001303FF455AFDDE90938434502DB2368F8
:10B9F000D8070FD5DDE9062331462846B847013080
:10BA00003FF446AF4FF0000908F1FF3804F11A0A7D
:10BA1000C84509DC23689B0700F10381E0680B9BA4
:10BA20009842B8BF184635E70123524631462846AA
:10BA3000B84701303FF42CAF09F10109E8E7099B51
:10BA4000002B39DC1B4A012331462846B847013018
:10BA50003FF41EAFDDE9093959EA030302D1236837
:10BA6000D907D7D5DDE9062331462846B847013046
:10BA70003FF40EAF4FF0000A04F11A0B099B5B4232
:10BA8000534501DC4B4693E701235A46314628468D
:10BA9000B84701303FF4FCAE0AF1010AEEE700BFFF
:10BAA000FFFFEF7F80EA00087CEA000888EA0008D0
:10BAB00084EA00088CEA0008A36DDDF828A053454D
:10BAC000A8BF5346002B994636DC4FF0000B29EAFD
:10BAD000E97904F11A02A36D0493A3EB09035B4512
:10BAE00031DC099B9A453ADC2368DA0737D4099B95
:10BAF000AAEB0309049BAAEB03039945A8BF994647
:10BB0000B9F1000F33DC4FF0000829EAE97904F1BC
:10BB10001A0B099BAAEB0303A3EB090343457FF729
:10BB200079AF01235A4631462846B84701303FF4E1
:10BB3000AFAE08F10108ECE7424631462846B84767
:10BB40000130C2D1A4E60123314628460492B84709
:10BB500001303FF49DAE049A0BF1010BBBE7DDE928
:10BB6000062331462846B8470130C0D190E6049AF2
:10BB70004B46424431462846B8470130C3D187E698
:10BB8000DDF828A0BAF1010F01DCDB0736D501236F
:10BB9000424631462846B84701303FF479AEDDE9E8
:10BBA000062331462846B84701303FF471AED4E948
:10BBB0001201002200230AF1FF3AF4F78DFFC0B909
:10BBC000534608F1010231462846B84701300CD1EE
:10BBD0005EE601235A4631462846B84701303FF415
:10BBE00057AE08F10108D045F3DB4B4604F1500293
:10BBF000DFE64FF0000804F11A0BF4E70123424698
:10BC0000E1E701234A4631462846B84701303FF470
:10BC10003FAE08F10108E3680B995B1A4345F0DC7D
:10BC2000FCE64FF0000804F11909F4E72DE9F047AC
:10BC3000164698468A680B69DDF820909342B8BF93
:10BC40001346336091F8432007460C460AB101338E
:10BC500033602368990642BF336802333360256836
:10BC600015F0060506D104F1190AE36832689B1A3B
:10BC7000AB4226DC94F843302268003B18BF012316
:10BC800092062BD404F1430241463846C84701309E
:10BC90001ED02368226903F00603042B02BFE56867
:10BCA0003368ED1AA3680CBF25EAE57500259342B9
:10BCB000C4BF9B1AED1800261A34B5421AD10020D1
:10BCC00008E00123524641463846C847013003D1B7
:10BCD0004FF0FF30BDE8F0870135C6E7E1185A1C88
:10BCE000302081F84300224494F8451082F8431034
:10BCF0000233C7E70123224641463846C847013090
:10BD0000E6D00136D9E700002DE9F0430D7E85B07D
:10BD1000782D90460C9E07460C46994601F1430249
:10BD200007D8622D0AD8002D00F0D780582D00F0DA
:10BD3000BC8004F1420684F842503BE0A5F1630365
:10BD4000152BF6D801A151F823F000BFA5BD0008BE
:10BD5000B9BD000833BD000833BD000833BD00087D
:10BD600033BD0008B9BD000833BD000833BD00086D
:10BD700033BD000833BD0008C1BE0008E3BD0008A4
:10BD800073BE000833BD000833BD0008E3BE0008E1
:10BD900033BD0008E3BD000833BD000833BD000813
:10BDA0007BBE000833681A1D1B68326004F142062E
:10BDB00084F842300123A1E033682068191D316006
:10BDC000060601D51D6803E04506FBD5B3F9005012
:10BDD000002D03DA2D236D4284F843305B480A239B
:10BDE00011E021683368080653F8045B02D4490661
:10BDF00048BFADB23360237E54486F2B5CD108231B
:10BE0000002184F843106668A660002E05DB2168D7
:10BE10002E4321F00401216050D01646B5FBF3F10A
:10BE200003FB115C10F80CC006F801CDAC4663456D
:10BE30000D46F3D9082B0BD12368DB0708D52369FE
:10BE400061689942DEBF302306F8013C06F1FF36F7
:10BE5000921B2261CDF80090434603AA2146384642
:10BE6000FFF7E4FE01304ED14FF0FF3005B0BDE8E2
:10BE7000F083236843F0200323603548782584F855
:10BE800045502368316813F0800F51F8045B03D1EB
:10BE900013F0400F18BFADB23160D90744BF43F073
:10BEA000200323601DB11023AAE72848E7E7236891
:10BEB00023F020032360F6E70A23A1E71646B9E73B
:10BEC000336825686169181D30602E061B6801D52E
:10BED000196002E06806FBD519800023236116462D
:10BEE000B8E733681A1D32601E6862680021304668
:10BEF000F4F776F908B1801B606063682361002362
:10BF000084F84330A6E72369324641463846C8479D
:10BF10000130A9D023689B0713D4E068039B9842A3
:10BF2000B8BF1846A2E70123324641463846C84703
:10BF3000013099D00135E36803995B1AAB42F2DC1A
:10BF4000EBE7002504F11906F5E700BF8EEA0008CB
:10BF50009FEA0008002310B50446C0E90033C0E999
:10BF60000433836081814366C2818361194608225C
:10BF70005C3000F019F90D4B63620D4BA3620D4B61
:10BF8000E3620D4B23630D4B24629C4206D003F108
:10BF90006802944202D0D0339C4205D104F158008B
:10BFA000BDE8104000F07CB910BD00BF21C1000801
:10BFB00043C100087BC10008A1C10008A0180020EF
:10BFC000024A0349034800F06BB800BF400100205B
:10BFD00035DC00085001002041680C4B994210B537
:10BFE000044601D001F026FEA168094B994202D017
:10BFF000204601F01FFEE168064B994204D020461E
:10C00000BDE8104001F016BE10BD00BFA018002012
:10C0100008190020701900200C4B0D4A0D4810B56E
:10C0200004211A600022FFF795FF0A4B01221C46EB
:10C03000092103F16800FFF78DFF04F1D00002220F
:10C04000BDE810401221FFF785BF00BFD8190020BE
:10C05000C1BF0008A0180020014800F022B900BFAD
:10C06000E1190020014800F01DB900BFE1190020CE
:10C0700010B50446FFF7F0FF236A1BB1BDE810407E
:10C08000FFF7F0BF044B2362044B1B68002BF5D174
:10C09000FFF7C2FFF2E700BFD9BF0008D8190020A0
:10C0A0002DE9F8430746884614460026D4E9019551
:10C0B000B9F1010905D52468002CF7D13046BDE857
:10C0C000F883AB89012B07D9B5F90E30013303D0C2
:10C0D00029463846C04706436835E9E70EB410B52F
:10C0E0009DB01FAB029006906FF000410A48079187
:10C0F00004910A4953F8042B0591002402A9006811
:10C1000001931B9401F01CFC029B1C701DB0BDE848
:10C11000104003B0704700BF4C0100200802FFFF31
:10C1200010B50C46B1F90E1000F06CF80028ABBF4A
:10C13000636DA3891B1823F48053ACBF6365A3818F
:10C1400010BD2DE9F0411F468B89DB0505460C46E5
:10C15000164605D5B1F90E100223002200F040F872
:10C16000A389B4F90E1023F48053A38132463B46D1
:10C170002846BDE8F04100F057B810B50C46B1F9BB
:10C180000E1000F02DF8B4F90C30421C0BBF23F454
:10C19000805343F48053A381A38118BF606510BD11
:10C1A000B1F90E1000F00CB802440346934200D1DE
:10C1B000704703F8011BF9E7004870478C02002024
:10C1C00038B5064D0023044608462B60F6F75CFAA6
:10C1D000431C02D12B6803B1236038BDDC19002059
:10C1E00038B5074D04460846114600222A601A4613
:10C1F000F6F771FA431C02D12B6803B1236038BDF6
:10C20000DC19002038B5074D0446084611460022C7
:10C210002A601A46F6F7FFF9431C02D12B6803B1D6
:10C22000236038BDDC19002038B5074D04460846A8
:10C23000114600222A601A46F6F70AFA431C02D178
:10C240002B6803B1236038BDDC190020014B18684E
:10C25000704700BF4C01002070B50D4B0D4D5B1BAE
:10C260009C100026A64209D102F020FA0A4D0B4B81
:10C270005B1B9C100026A64205D170BD55F8043BFF
:10C2800098470136EEE755F8043B98470136F2E748
:10C2900034EE000834EE000834EE000838EE0008F2
:10C2A0007047704770472DE9F74F03690C69A34247
:10C2B00007467EDB013C01F11408A30000F11405E0
:10C2C000009305EB8403019358F8243055F824209B
:10C2D00001339A4208EB8409B2FBF3F62ED34FF0F8
:10C2E000000AC446AE46D3465CF8043B98B206FB4F
:10C2F00000A0020C1B0C06FB0323DEF8002080B21A
:10C3000092B2121A5A44DEF800004FEA134A9BB266
:10C31000C3EB224303EB104392B242EA0342E145EE
:10C320004EF8042B4FEA234BDED2009BEB582BB97F
:10C33000019B043B9D421A462FD33C61384601F0D5
:10C3400093F9002825DB2946002058F8042BD1F862
:10C3500000C01FFA82FE1FFA8CF3A3EB0E03034406
:10C36000120CC2EB234202EB1C429BB243EA024393
:10C37000C14541F8043B4FEA2240E6D255F824205B
:10C3800005EB840322B9043B9D421A460BD33C6162
:10C390000136304603B0BDE8F08F1268043B002A36
:10C3A000CBD1013CC6E71268043B002AEFD1013C27
:10C3B000EAE70020EEE700002DE9F04F99B08DED9F
:10C3C0000E0B0C92C269229C0A9157EC106B8146AD
:10C3D000139382B9102000F015FE0246C9F81C0024
:10C3E00020B9AB4BEF21AB4801F084FC0023C0E93E
:10C3F00001330360C360116859B152684A60012378
:10C4000093408B60484600F0F1FED9F81C300022C2
:10C410001A60B7F10008B5BF012300232360236031
:10C420009D4BBCBF28F00048CDF83C8033EA0803A0
:10C430001AD1139AC8F3130842F20F7358EA060888
:10C44000136000F06885239B53B9944B21E0944B13
:10C4500000930833239A1360009819B0BDE8F08F59
:10C460008E4B00930333F5E79DED0E7B002251ECDC
:10C47000170B00238DED067BF4F72EFB824650B19F
:10C48000139A01231360239B13B1239A854B1360E6
:10C49000854B0093E0E79DED060B16AA17A94846C9
:10C4A00001F096F95FEA1854169D019079D0079B28
:10C4B000CDF850A0C3F31303DDE9060143F07F5329
:10C4C00043F44013A4F2FF3419460022774BF3F7EC
:10C4D000E3FE69A3D3E90023F4F796F868A3D3E950
:10C4E0000023F3F7DBFE064620460F46F4F722F85A
:10C4F00065A3D3E90023F4F787F802460B463046DC
:10C500003946F3F7CBFE06460F46F4F72DFB002223
:10C510008046002330463946F4F7E8FA48B14046F1
:10C52000F4F708F832463B46F4F7D6FA08B908F1B2
:10C53000FF38B8F1160F51D85D4B03EBC803D3E9B0
:10C540000023DDE90601F4F7D1FA002848D008F10C
:10C55000FF38002312932D1B6B1E089343BF00234B
:10C56000C5F1010708930027B8F1000F3ADB089BDB
:10C57000CDF8348043440893002309930A9B092B88
:10C5800062D8052BC4BF043B0A930A9BA3F10203A4
:10C59000CCBF00240124032B62D8DFE803F0515301
:10C5A000362B179C2C4404F23243202BC1BFC3F11D
:10C5B000400308FA03F804F2124326FA03F3D6BF45
:10C5C000C3F1200348EA030006FA03F0F3F7A2FFE1
:10C5D0000122A1F1F873013C149275E70123B9E738
:10C5E0001290B8E7C8F1000309930023A7EB0807EE
:10C5F0000D93C3E701230B930C9B43440593013335
:10C60000012B0493B8BF012306E001230B930C9B7D
:10C61000002B28DDCDE90433D9F81C0000210422C9
:10C6200002F114059D4223D94160484600F0A0FD67
:10C630000090002840D11F4B024640F2AF11D2E6D5
:10C640000023E3E70023D6E701240023CDE90A34E1
:10C650004FF0FF33CDE90433002212230C92DBE7C5
:10C6600001230B93F4E70123CDE904331A46F5E7E0
:10C6700001315200D4E700BF61436F63A787D23F07
:10C68000B3C8608B288AC63FFB799F501344D33FC1
:10C69000BDEA0008D4EA00080000F07FB9EA00080B
:10C6A000B0EA00088DEA00088CEA00080000F83FB4
:10C6B00028EC00082CEB0008D9F81C30009A1A600E
:10C6C000049B0E2B00F2A180002C00F09E80B8F19C
:10C6D000000F36DD9E4B08F00F0203EBC20318F487
:10C6E000807FD3E900AB4FEA281516D0994BDDE9DE
:10C6F0000601D3E90823F4F7B1F8CDE9020105F00A
:10C700000F050324934E75B9DDE9020152465B46DD
:10C71000F4F7A4F882468B462DE09DED067B0224BB
:10C720008DED027BEEE7E90708D550465946D6E97C
:10C730000023F3F769FF013482468B466D100836FB
:10C74000E1E700F0AD80C8F10005814B814E05F0B6
:10C750000F0203EBC203D3E90023DDE90601F3F77F
:10C7600053FF2D1182468B4600230224002D40F0FA
:10C770008C80002BCED1129B002B00F09580764B45
:10C78000002250465946F4F7B1F9002800F08C8099
:10C79000049B002B00F08880059B002B35DD08F101
:10C7A000FF330293504659466C4B0022F3F72CFF9F
:10C7B000059E82468B4601342046F3F7BBFE524667
:10C7C0005B46F3F721FF664B0022F3F767FD044653
:10C7D000A1F15075CDE91045002E69D1614B0022C1
:10C7E00050465946F3F758FD22462B4682468B4663
:10C7F000F4F79AF9002840F09482224605F10043AC
:10C8000050465946F4F772F920BB179B002BC0F233
:10C810006081B8F10E0F00F35C814D4B03EBC80350
:10C82000D3E900AB0C9B002B80F2EE80049B002B25
:10C8300000F3EA800ED14B4B002250465946F3F7E5
:10C84000E3FE02460B46DDE90601F4F759F900283C
:10C8500000F06A8200252C460C9B009EDB4302936D
:10C86000274600242946484600F0C0FC002F00F06F
:10C87000C1802CB1BC4203D02146484600F0B6FC32
:10C880003946484600F0B2FCB4E0EA0705D5D6E9DF
:10C890000023F3F7B9FE013401236D10083665E774
:10C8A000DDE906AB022466E7049ECDF8088083E745
:10C8B000274B03EBC60353E902010B9B002B55D01A
:10C8C00002460B4600202849F3F7C8FFDDE9102394
:10C8D000F3F7E2FC009BCDE910019D191E46594675
:10C8E0005046F4F741F90446F3F724FE02460B469E
:10C8F00050465946F3F7D0FC3034DDE9102306F8F2
:10C90000014B82468B46F4F7F1F8002872D152466B
:10C910005B4611490020F3F7BFFCDDE91023F4F773
:10C92000E5F8002840F0B680AE423FF46EAFDDE996
:10C9300010010A4B0022F3F767FE084BCDE9100106
:10C94000002250465946F3F75FFE82468B46C6E703
:10C9500028EC000800EC00080000F03F0000244034
:10C9600000001C40000014400000E03FDDE91023FF
:10C97000F3F74AFE009B009DCDE910013344159367
:10C9800059465046F4F7F0F80446F3F7D3FD303437
:10C990000B46024659465046F3F77EFC05F8014B1C
:10C9A000159B9D4282468B4627D1009B0022DDE9E4
:10C9B00010011E44B34BF3F771FC02460B46504680
:10C9C0005946F4F7B1F8002864D1DDE91023AD49E8
:10C9D0000020F3F761FC02460B4650465946F4F737
:10C9E00085F800283FF411AF334616F8012D302AA0
:10C9F000FAD01E46DDF808803AE0A34B0022F3F798
:10CA000003FE82468B46BBE7009E52465B46DDE94D
:10CA10000601F3F723FFF4F7A7F80746F3F78AFDBB
:10CA200052465B46F3F7F0FD02460B46DDE9060190
:10CA3000F3F732FC07F1300C009C06F801CBA6EBB3
:10CA4000040C049C644502460B4633D1F3F726FCE4
:10CA500052465B4604460D46F4F766F8C0B95246A6
:10CA60005B4620462946F4F737F808B1FB070FD498
:10CA70000199484600F0BAFB0023139A337008F17D
:10CA800001031360239B002B3FF4E6AC1E60E3E43C
:10CA9000CDF8088033461E4613F8012D392A06D1F9
:10CAA000009A9A42F7D1029A013202923022013260
:10CAB0001A709FE7744B0022F3F7A6FD02460B465F
:10CAC000CDE9062300220023F4F706F800289CD0C5
:10CAD000CEE70B9A002A00F0E3800A9A012A00F3BD
:10CAE000C280149A002A00F0BA8003F23343099DF1
:10CAF0003E46089A01211A4448461F44089200F015
:10CB000029FC044656B1089B002B07DDB342089A66
:10CB1000A8BF3346FF1AF61AD31A0893099B0BB322
:10CB20000B9B002B00F0C380002D00F0BD80214640
:10CB30002A46484600F0CEFC019A01460446484683
:10CB400000F01EFC01998246484600F04FFB099B0D
:10CB50005B1B099300F0AE80099A5146484600F0ED
:10CB6000B9FC01900121484600F0F4FB0D9B0546FD
:10CB7000002B00F0D7811A460146484600F0AAFC77
:10CB80000A9B012B054600F39D800E9B002B40F075
:10CB900094800F9BC3F31303002B40F08E800F9BF8
:10CBA00023F000431B0D1B05002B00F08980089B20
:10CBB0000133013708934FF0010A0D9B002B00F061
:10CBC000B7812B6905EB8303186900F077FBC0F18F
:10CBD0002000089B184410F01F007ED0C0F12003F5
:10CBE000042B72DD089BC0F11C000344074406447B
:10CBF0000893002F05DD01993A46484600F0C6FC2F
:10CC00000190089B002B05DD29461A46484600F096
:10CC1000BDFC0546129B002B61D00198294600F00F
:10CC200023FD00285BDA08F1FF330293019900230A
:10CC30000A22484600F0FCFA0B9B0190002B00F002
:10CC40007981002321460A22484600F0F1FA059B2B
:10CC5000002B044672DC0A9B022B49DC6EE0169B1B
:10CC6000C3F1360343E7049B5D1E099BAB420DDB1A
:10CC70005D1B049B002BBFF63BAF049BFE1A0023F9
:10CC800037E700BF0000E03F00002440099B0D9AF9
:10CC90000995EB1A1A440D92049B3E46002528E79D
:10CCA000099D0B9C3E462DE7DDF804A054E7099A48
:10CCB000019953E7CDF804A054E74FF0000A7CE750
:10CCC0009A467AE74FF0000A7BE792D0089A1C3325
:10CCD0001A441F441E4408928BE70346F6E7049B60
:10CCE000CDF80880002B23DC05930A9B022B21DD65
:10CCF000059B002B7FF4B0AD29460522484600F085
:10CD000097FA01460546019800F0AEFC00287FF72F
:10CD1000A3AD009E312306F8013B029B0133029331
:10CD20009EE535462C46F4E7049DCDF80880F9E7EA
:10CD3000049B05930B9B002B00F00081002E05DD6A
:10CD400021463246484600F021FC0446BAF1000F65
:10CD50005AD06168484600F00BFA064628B9824B63
:10CD6000024640F2EF21FFF73EBB226902329200F9
:10CD700004F10C010C3000F0AFFF012231464846AF
:10CD800000F004FC0746009B009A03F1010B059B91
:10CD9000134406930E9B03F0010308930BF1FF333A
:10CDA000294601980493FFF77EFA2146059000F189
:10CDB000300A019800F058FC3A4680462946484619
:10CDC00000F06EFCC268064602BB0146019800F006
:10CDD0004BFC024631464846099200F007FADDE96D
:10CDE000092342EA0301089B19435E4610D1BAF1B8
:10CDF000390F2BD0B8F1000F02DD059B03F1310A8A
:10CE0000049B83F800A02DE52746BCE70122E1E75B
:10CE1000B8F1000F06DB0A9B48EA0308089B58EAB2
:10CE2000030820D1002AEBDD01990122484600F0D9
:10CE3000ADFB2946019000F017FC002803DCDFD190
:10CE40001AF0010FDCD0BAF1390FD6D1049A392388
:10CE5000137033461E46013B16F8012C392A52D076
:10CE600001321A70FEE4002A07DDBAF1390FEDD065
:10CE7000049A0AF101031370F4E4069B0BF801AC69
:10CE80005B452AD0019900230A22484600F0D0F9D8
:10CE9000BC4201904FF000034FF00A022146484681
:10CEA00006D100F0C5F9044607460BF1010B75E702
:10CEB00000F0BEF93946044600230A22484600F035
:10CEC000B7F90746F1E7059B5E1E002B009BD8BF14
:10CED00000265A1C27461644002401990122484680
:10CEE00000F054FB2946019000F0BEFB0028B0DCA6
:10CEF00002D11AF0010FACD133461E4613F8012DB2
:10CF0000302AFAD0AEE4009A9A42A3D1029B0133B0
:10CF100002933123AFE7239B002B7FF498AA134B96
:10CF2000FFF7B7BA0A9B012B7FF72FAEDDF834A0CD
:10CF300001204EE6059B002B7FF7D7AE009E01989F
:10CF40002946FFF7B0F900F1300A009B06F801AB63
:10CF5000F21A059B9342B6DD019900230A22484646
:10CF600000F066F90190EAE72CEB0008B0EA00084F
:10CF700038B50546002941D051F8043C0C1F002B60
:10CF8000B8BFE41800F0E8F81D4A136833B96360CD
:10CF900014602846BDE8384000F0E4B8A34208D940
:10CFA000206821188B4201BF19685B68091821604D
:10CFB000EDE71A465B680BB1A342FAD91168501825
:10CFC000A0420BD120680144501883421160E0D187
:10CFD00018685B68536008441060DAE702D90C23D4
:10CFE0002B60D6E7206821188B4204BF19685B6864
:10CFF000636004BF091821605460CAE738BD00BFF0
:10D00000E8190020024B0146186800F025B800BF5F
:10D010004C01002070B50F4E0C463168054611B921
:10D0200000F04AFE30602146284600F045FE431CD1
:10D0300003D14FF0FF34204670BDC41C24F003041C
:10D04000A042F8D0211A284600F036FE0130F2D175
:10D05000EFE700BFE41900202DE9F843CD1C25F0CF
:10D06000030508350C2D38BF0C25002D064601DBC5
:10D07000A94204D90C2333600020BDE8F883DFF80F
:10D08000D48000F069F8D8F800301C4644BB29462B
:10D090003046FFF7BFFF431C044658D1D8F8004084
:10D0A0002746002F43D1002C4BD023683946304609
:10D0B00004EB030900F000FE814542D121686D1A9E
:10D0C00029463046FFF7A6FF01303AD023682B44AB
:10D0D0002360D8F800305A6862BBC8F800700FE0CF
:10D0E0002268521B20D40B2A17D96119A34225604C
:10D0F00018BF5960636808BFC8F8001062514B60E0
:10D10000304600F02FF804F10B00231D20F007003B
:10D11000C21A1CBF1B1AA350AFE76268A3420CBF20
:10D12000C8F800205A60EBE723466468AEE73C4647
:10D130007F68B6E71A465B68A342FBD100235360C1
:10D14000DEE70C233360304600F00CF894E705600E
:10D15000D6E700BFE81900200148FFF7A2B800BFDA
:10D16000E01900200148FFF79DB800BFE01900203A
:10D1700070B5C46905460E4684B91020FFF742FF1A
:10D180000446E86128B90246164B17486B2100F0A7
:10D19000B1FD0023C0E901330360C360E36853B904
:10D1A00021220421284600F0C3FDEB69E060DB6822
:10D1B0000BB9002070BD53F8260030B1026843F867
:10D1C00026200023C0E90333F4E7012101FA06F425
:10D1D000621D9200284600F0ABFD0028E9D0C0E9AE
:10D1E0000164EEE7BDEA00083DEB000870B5C669D2
:10D1F00005460C4676B91020FFF704FF0246E861A9
:10D2000020B9094B09488F2100F074FDC0E901667F
:10D210000660C6603CB1EB696268DB6853F82210B7
:10D22000216043F8224070BDBDEA00083DEB0008D4
:10D230002DE9F0410D6907460C461E4601F1140C1C
:10D240000020DCF8003099B202FB01611E0C0B0CCF
:10D2500002FB063389B2013001EB034185424CF8F1
:10D26000041B4FEA1346ECDC0EB3A368AB4219DC97
:10D27000616838460131FFF77BFF804628B90246D6
:10D280000C4B0D48BA2100F035FD2269023204F141
:10D290000C0192000C3000F01FFD21463846FFF7CC
:10D2A000A5FF444604EB850301355E6125612046F8
:10D2B000BDE8F0812CEB00083DEB0008B0F5803FA5
:10D2C000034636BF030400201020B3F1807F3CBF2B
:10D2D0001B020830B3F1805F3CBF1B010430B3F187
:10D2E000804F3CBF9B000230002B05DB13F0804FCA
:10D2F00000F1010008BF202070470368024613F0C8
:10D3000007000BD0D90721D4980749BF5B089B08B9
:10D31000012013605CBF13600220704799B209B905
:10D320001B0C1020D9B209B908301B0A190704BF19
:10D330001B090430990704BF9B080230D90703D4A6
:10D340005B0800F1010003D01360704700207047B4
:10D350002020704710B50C460121FFF709FF024657
:10D3600028B9054B054840F2451100F0C3FC0123E4
:10D370004461036110BD00BF2CEB00083DEB0008C9
:10D380002DE9F04FD1F81090D2F810A0D14585B01A
:10D390008846144604DB53460C46CA4690469946D6
:10D3A000A36861680AEB0906B342B8BF0131FFF711
:10D3B000DFFE30B90246454B45484FF4B17100F0ED
:10D3C00099FC00F1140505EB86072B460022BB42B1
:10D3D0001FD304F1140C08F114010CEB8A0301EBC8
:10D3E000890202921A1B153A22F0030215349C425C
:10D3F00088BF00220192029A03918A420CD8002E23
:10D4000003DD57F8043D002B5DD0066105B0BDE893
:10D41000F08F43F8042BDAE7B1F800A0BAF1000F5F
:10D4200024D0E046A9464FF0000E58F8042BD9F856
:10D4300000401FFA82FBA4B20AFB0B444FEA124BD6
:10D44000D9F8002074444FEA124E0AFB0BE202EBBB
:10D450001442A4B244EA0244434549F8044B4FEA5B
:10D46000124EE2D8019AAA18C2F804E0039AB2F860
:10D4700002800431B8F1000F23D02A68E6469146B5
:10D48000AA464FF0000BBEF8004008FB04B404EBC2
:10D49000194492B242EA04424AF8042B5EF8042B83
:10D4A000DAF800904FEA124B1FFA89F208FB0B22C0
:10D4B00002EB144273454FEA124BE4D8019C2C193D
:10D4C0006260043597E7013E99E700BF2CEB000846
:10D4D0003DEB00082DE9F843174612F003028046A1
:10D4E0000D4607D0264C013A002354F82220FFF7BE
:10D4F0009FFE0546BF103FD0D8F81C4094B91020BD
:10D50000FFF780FD0446C8F81C0030B902461D4BE9
:10D510001D4840F2B31100F0EDFB0023C0E90133D8
:10D520000360C360A66846B940F271214046FFF728
:10D5300011FF0023A060064603602C464FF000094F
:10D5400007F001037F1053B1294632464046FFF7EA
:10D5500017FF214605464046FFF748FE67B1306891
:10D5600038B9324631464046FFF70AFF3060C0F80E
:10D57000009006462C46E3E72846BDE8F88300BF46
:10D58000F0EB0008BDEA00083DEB00082DE9F84F7C
:10D590000C464968236903EB6218A36807461546E1
:10D5A0004FEA621A08F101094B450BDB3846FFF7D9
:10D5B000DFFD064648B90246294B2A484FF4EF7171
:10D5C00000F098FB01315B00EEE7002300F1140C42
:10D5D00000F110021946534535DB22692AEAEA7A3E
:10D5E0000CEB8A0C04F1140315F01F0E614603EBDB
:10D5F00082022CD0CEF1200A002518688B4600FA52
:10D600000EF02843CBF8000053F8045B9A4201F176
:10D61000040125FA0AF5F0D8131B153B23F0030388
:10D6200004F115018A4238BF00239C44CCF8045011
:10D6300005B9C1463846C6F810902146FFF7D6FD19
:10D640003046BDE8F88F42F8041F0133C3E753F8B2
:10D65000045B0D609A4201F10401F8D8E9E700BFCC
:10D660002CEB00083DEB00080A6903460069801AAC
:10D6700030B50ED11433143103EB820401EB820177
:10D6800054F8045D51F8042D954203D005D24FF0B3
:10D69000FF3030BDA342F3D3FBE70120F9E70000E0
:10D6A0002DE9F74F8A460646114650461446FFF7C5
:10D6B000DBFF051E12D129463046FFF759FD024611
:10D6C00028B9414B40F23721404800F013FB0123B9
:10D6D000C0E90435104603B0BDE8F08FBCBF534627
:10D6E000A2463046DAF80410BABF1C4601250025D0
:10D6F000FFF73EFD024618B9334B40F24521E3E700
:10D70000DAF810702669C5600AF1140904F1140EE4
:10D7100000F114050AF1100309EB87080EEB8606E9
:10D720000193AB464FF0000C019B5EF8040B53F8DD
:10D7300004AF01931FFA8AF3194683B2CB1A000C87
:10D740006344C0EB1A4000EB23409BB243EA004322
:10D7500076454BF8043B4FEA204CE5D8331B153B8C
:10D76000153423F00303A64238BF0023E8184B44C6
:10D770001C1D04302646A5EB0905464506EB050EA3
:10D780000ED308F10301091B21F003010133984571
:10D7900038BF0021014451F8043D9BB1176199E75E
:10D7A00056F8041BE2464FEA11491CFA81FC514429
:10D7B00009EB2C4989B241EA09414FEA294CCEF8DC
:10D7C0000010DAE7013FE6E72CEB00083DEB00082C
:10D7D0002DE9F7430F46012159EC108B1646FFF750
:10D7E000C7FC044630B90246234B244840F20F31AF
:10D7F00000F080FAC9F30A55C9F313030DB143F4DD
:10D8000080130193B8F1000323D068460093FFF71B
:10D8100074FD0099D8B1019AC0F1200302FA03F314
:10D820000B43C24063610192019BA361002B0CBFBB
:10D83000012202222261A5B1A5F2334505443D60D3
:10D84000C0F135003060204603B0BDE8F08361616F
:10D85000EAE701A8FFF751FD019B63612030012237
:10D86000E8E704EB8203A0F2324038601869FFF762
:10D8700025FDC0EB4210E5E72CEB00083DEB00086E
:10D880002DE9F0478E681F46BE4282460C46904600
:10D89000334653D8B1F90C0010F4906F2BD0656962
:10D8A0002368096905EB4505A3EB010905EBD5756F
:10D8B0007B1C6D104B44AB422A4684BF1D462A4652
:10D8C000430527D511465046FFF7C6FB064658B319
:10D8D00021694A4600F000FAA38923F4906343F0DB
:10D8E0008003A381266165614E44A5EB090526608E
:10D8F000A5603E463B461F4620683A46414600F03A
:10D90000C1F9A3689B1BA36023683B4423600020EC
:10D91000BDE8F087504600F031FA06460028E1D114
:10D9200021695046FFF724FB0C23CAF80030A38975
:10D9300043F04003A3814FF0FF30E9E73E46DBE7C9
:10D940002DE9F0471F468B891B069CB006460D4605
:10D95000144610D50B6973B94021FFF77DFB286091
:10D96000286130B90C2333604FF0FF301CB0BDE8A4
:10D97000F08740236B610023099320238DF8293021
:10D9800003973023654F8DF82A304FF00108234666
:10D99000994613F8012B0AB1252AF9D1B9EB040AEB
:10D9A0000BD05346224629463046FFF769FF013027
:10D9B00000F0A480099A5244099299F80030002B93
:10D9C00000F09C8000234FF0FF32CDE9052309F1E0
:10D9D0000109049307938DF853301A934C464F482E
:10D9E00014F8011B0522F2F7FBFB049BD0B9D80603
:10D9F00044BF20228DF85320190744BF2B228DF8F5
:10DA0000532099F800202A2A13D0079A4C46002068
:10DA10004FF00A0C214611F8013B303B092B49D944
:10DA200068B913E0C01B08FA00F018430490A1463F
:10DA3000D4E7039A111D12680391002A01DB0792B3
:10DA400004E0524243F002030792049323782E2B02
:10DA50000AD163782A2B32D1039B1A1D1B680392CB
:10DA600043EAE37302340593DFF8C0902178032280
:10DA70004846F2F7B5FB38B1049BA0EB0900402201
:10DA8000824013430134049314F8011B24488DF899
:10DA900028100622F2F7A4FB002835D0214818BB35
:10DAA000039B073323F0070308330393099B0344C5
:10DAB00009936CE70CFB02320C460120AAE7002315
:10DAC0000134059319464FF00A0C204610F8012B3B
:10DAD000303A092A03D9002BC6D00591C4E70CFBC4
:10DAE000012104460123F0E703AB00932A460E4BC5
:10DAF00004A93046FDF772FE421CD7D1AB895B0604
:10DB00003FF532AF099831E703AB00932A46064B45
:10DB100004A93046FEF7F8F8EEE700BF96EB0008E0
:10DB2000A0EB0008DDB7000881D800089CEB0008D6
:10DB3000B1F90C202DE9F041160705460C4651D4E9
:10DB40004B68002B02DC0B6C002B49DDE66A002ED3
:10DB500046D0002312F480522F682B6031D0626DC2
:10DB6000A389590705D56368D21A636B0BB1236C7F
:10DB7000D21A0023E66A216A2846B047421CB4F94B
:10DB80000C3006D129681D2946D8294ACA40D60733
:10DB900042D500226260D9042269226004D5421C69
:10DBA00001D12B6803B96065616B2F60C1B104F1CD
:10DBB0004403994202D02846FFF7DAF90023636351
:10DBC0000EE0216A01232846B0470246501CC7D107
:10DBD0002B68002BC4D01D2B01D0162B1AD12F601F
:10DBE00000201EE00F69002FFAD093070E6808BFCF
:10DBF0004B690F6018BF0023A6EB07088B60B8F1D4
:10DC0000000FEDDD216AA66A43463A462846B04732
:10DC1000002808DCB4F90C3043F04003A3814FF036
:10DC2000FF30BDE8F0810744A8EB0008E7E700BF3C
:10DC30000100402038B50B6905460C4613B9002594
:10DC4000284638BD18B1036A0BB9FEF711FAB4F9CA
:10DC50000C30002BF3D0626ED00704D4990502D4A7
:10DC6000A06DFEF71EFB28462146FFF761FF636E9D
:10DC7000DA070546E4D4A3899B05E1D4A06DFEF73D
:10DC800011FBDDE7884210B501EB020402D98442A2
:10DC9000234607D8431EA14207D011F8012B03F8F1
:10DCA000012FF8E70244824200D110BD13F8011D94
:10DCB00002F8011DF7E7000038B5064D00230446C1
:10DCC00008462B60F4F714FD431C02D12B6803B106
:10DCD000236038BDDC1900200A44914200F1FF3373
:10DCE00000D1704710B511F8014B03F8014F914274
:10DCF000F9D110BD1FB514461A46094B1B680546DD
:10DD0000D8684CB1074B0091CDE9013406492B4648
:10DD100000F070F800F080F8044B1C46F3E700BFF9
:10DD20004C010020B1EB0008BEEB0008ECEB000852
:10DD300070B5A1FB025434B92946FFF78DF90646A8
:10DD400028B9304670BD0C2202600026F9E72A4649
:10DD50002146FEF729FAF4E782B001B901A942B1E0
:10DD60004BB113780B601278101E18BF012002B05F
:10DD700070471046FBE76FF00100F8E72DE9F0412E
:10DD8000074614460D4621B9BDE8F0411146FFF79C
:10DD900063B92AB9FFF7ECF825462846BDE8F081BB
:10DDA00000F041F88442064602D8B4EB500FF4D894
:10DDB00021463846FFF750F9804608B94546ECE75A
:10DDC000B4422246294628BF3246FFF785FF29463E
:10DDD0003846FFF7CDF8F1E70346084641B1FF2A80
:10DDE00004D98A221A604FF0FF3070470A70012070
:10DDF000704700000EB403B5014603AB054853F865
:10DE0000042B0068019300F03FF802B05DF804EBCA
:10DE100003B070474C01002008B5062000F002FA5C
:10DE20000120F4F7EDFB51F8043C181F002BBCBF98
:10DE30000B58C01870479368013B002B10B49360D7
:10DE400008DA9469A34201DB0A2903D15DF8044B87
:10DE500000F02EB91368581C1060197008465DF860
:10DE6000044B7047F8B506460F461446D518AC4229
:10DE700001D1002007E014F8011B3A463046FFF7B5
:10DE8000DAFF431CF3D1F8BD2DE9F0470D469CB0F5
:10DE900014461F46064618B1036A0BB9FEF7E8F8A8
:10DEA0006B6ED90705D4AB899A0502D4A86DFEF72D
:10DEB000F8F9AB891B0701D52B699BB92946304678
:10DEC00000F034F970B16B6EDC0704D54FF0FF3011
:10DED0001CB0BDE8F087AB899805F7D4A86DFEF7B4
:10DEE000E1F9F3E70023099320238DF82930039704
:10DEF00030236A4F8DF82A304FF0010823469946A7
:10DF000013F8012B0AB1252AF9D1B9EB040A0BD079
:10DF10005346224629463046FFF7A4FF013000F061
:10DF2000A480099A5244099299F80030002B00F01D
:10DF30009C8000234FF0FF32CDE9052309F1010950
:10DF4000049307938DF853301A934C46534814F8B2
:10DF5000011B0522F2F744F9049BD0B9D90644BF4E
:10DF600020228DF853201A0744BF2B228DF853200E
:10DF700099F800202A2A13D0079A4C4600204FF027
:10DF80000A0C214611F8013B303B092B49D968B9ED
:10DF900013E0C01B08FA00F018430490A146D4E730
:10DFA000039A111D12680391002A01DB079204E015
:10DFB000524243F002030792049323782E2B0AD196
:10DFC00063782A2B32D1039B1A1D1B68039243EA04
:10DFD000E37302340593DFF8D49021780322484696
:10DFE000F2F7FEF838B1049BA0EB09004022824012
:10DFF00013430134049314F8011B29488DF82810A9
:10E000000622F2F7EDF800283ED0264818BB039B05
:10E01000073323F0070308330393099B0344099351
:10E020006CE70CFB02320C460120AAE70023013406
:10E03000059319464FF00A0C204610F8012B303A90
:10E04000092A03D9002BC6D00591C4E70CFB012196
:10E0500004460123F0E703AB00932A46124B04A9C0
:10E060003046FDF7BBFB431CD7D16B6ED90705D4F7
:10E07000AB899A0502D4A86DFEF714F9AB895B064B
:10E080003FF524AF099823E703AB00932A46064BDC
:10E0900004A93046FDF738FEE5E700BF96EB00081F
:10E0A000A0EB0008DDB7000865DE00089CEB000867
:10E0B000F8B50E461446054618B1036A0BB9FDF7CC
:10E0C000D7FFA369A360A3891A0701D5236943B9C0
:10E0D0002146284600F02AF818B14FF0FF3738469D
:10E0E000F8BD23682269981A6369F6B283423746FD
:10E0F00005DC21462846FFF79DFD0028EDD1A368E9
:10E10000013BA36023685A1C22601E706269431C95
:10E110009A4204D0A389DB07E1D50A2EDFD121463C
:10E120002846FFF787FD0028D9D0D6E738B5284B19
:10E13000054618680C4618B1036A0BB9FDF798FF3D
:10E14000B4F90C301A0721D4D80607D409222A6062
:10E1500043F04003A3814FF0FF3030E0590712D560
:10E16000616B41B104F14403994202D02846FEF7A5
:10E17000FFFE002363630022B4F90C306260226961
:10E18000226023F0240343F00803A38122693AB9F3
:10E190009A0501D5180603D52146284600F082F8D5
:10E1A000B4F90C3013F001020AD00022A2606269B7
:10E1B0005242A261226942B913F08000C8D138BD31
:10E1C000990758BF6269A260F4E70020F7E700BF33
:10E1D0004C0100201F2938B505460C4604D91623EA
:10E1E00003604FF0FF3038BDC26B12B152F82130DE
:10E1F0004BB9284600F030F8224601462846BDE8D3
:10E20000384000F017B8012B0AD0591C03D116234F
:10E2100003600120E7E7002142F8241020469847D8
:10E220000020E0E7024B01461868FFF7D3BF00BFAC
:10E230004C01002038B5074D00230446084611461E
:10E240002B60F4F7CDF9431C02D12B6803B1236096
:10E2500038BD00BFDC190020F4F7BAB970B50C4620
:10E26000B1F90E10002996B015461E460ADAA189AA
:10E2700011F0800113D14FF48062002031602A60D8
:10E2800016B070BD6A4600F047F80028EFDB019930
:10E2900001F47041A1F5005359425941EBE70021C7
:10E2A0004022EAE78B8973B59E0705460C4607D5E1
:10E2B00004F14703236023610123636102B070BD51
:10E2C00001AB6A46FFF7CAFF009E28463146FEF7BB
:10E2D000C3FEB4F90C3038B99A05EFD423F0030328
:10E2E00043F00203A381E3E743F08003A381019B92
:10E2F0002060C4E90406002BE0D0B4F90E102846D3
:10E3000000F01CF80028D9D0A38923F0030343F0C0
:10E310000103A381D2E7000038B5074D002304466E
:10E32000084611462B60F4F7BBF9431C02D12B6859
:10E3300003B1236038BD00BFDC19002038B5064D9D
:10E340000023044608462B60F4F7BAF9431C02D1B7
:10E350002B6803B1236038BDDC19002000F026B81B
:10E3600008B52DED028BB0EE408A00F01BF8B4EE3C
:10E37000488AF1EE10FA06D6DFED098AB4EEE88A93
:10E38000F1EE10FA02D4BDEC028B08BDFDF75EFF82
:10E3900088EEA80ABDEC028B2123036008BD00BFF4
:10E3A00000000000B1EEC00A704700BF10B582B097
:10E3B000CDED010A019B23F00042B2F1FF4FF0EED8
:10E3C000407A30D810EE100A20F00041B1F1FF4F32
:10E3D00029D8B3F17E5F3ED09C1704F0020444EAD2
:10E3E000D07431B37AB3B2F1FF4F3FD0B1F1FF4FE8
:10E3F00029D0891AB1F1F45F4FEAE15233DA002BE8
:10E4000041DA3C323FDA9FED330A012C4DD0022C29
:10E4100042D064B19FED307ADFED307A30EE070AFA
:10E4200030EE670A03E09DED017A37EE270A02B06D
:10E4300010BD022C0CD09FED2A7A032C08BFB0EE41
:10E44000470A02B010BD00280ADB9FED260AEEE75E
:10E450009FED220AEBE702B0BDE8104000F04CB897
:10E460009FED210AE3E79FED1F0ACEE7B1F1FF4FD1
:10E4700004F1FF3420D0022C26D81C4B03EB84037C
:10E4800093ED000AD3E79DED017A87EE870A00F04D
:10E4900005F900F031F8B8E79FED0F7ADFED0F7A5C
:10E4A00030EE070A37EEC00AC1E710EE103A03F16A
:10E4B000004300EE103ABAE7022C08D80C4B03EBED
:10E4C000840393ED000AB2E79FED020AAFE79FEDE8
:10E4D000090AACE7000000002EBDBB33DB0F49404A
:10E4E000DB0F49C0DB0FC93FDB0FC9BFF4ED0008EC
:10E4F00000EE0008DB0F493F38B510EE105A25F04A
:10E500000044B4F1A14FF0EE407A07D3B4F1FF4FCD
:10E5100055D8002D77DD9FED4E0A38BD4D4B9C42FE
:10E520005CD8B4F1445F4DD34FF0FF3327EEA76AB8
:10E530009FED495A9FED497ADFED495ADFED494A8F
:10E5400066EE066A5A1CA6EE857AE6EEA54A9FEDAF
:10E55000465ADFED465AA7EE265AE4EEA65A9FED3C
:10E56000447ADFED444AA5EE267AE5EEA64A9FED11
:10E57000425ADFED425AA7EE265A9FED417AA4EEA9
:10E58000A67AE5EE265A27EE267AA5EE867A27EEBB
:10E59000877A3BD03B493C4A01EB8301D1ED006ACD
:10E5A00037EE667A02EB8303D3ED006A37EE677AC3
:10E5B000002D36EEC70AB0DAB1EE400A38BD30EEB3
:10E5C000000A38BD9FED317A30EE077AF7EE006A27
:10E5D000B4EEE67AF1EE10FAA6DD38BD00F05EF892
:10E5E0002B4B9C4215D8A3F5D0039C4226D8F0EEC5
:10E5F000007ABFEE007AA0EE277A002330EE270AD9
:10E60000C7EE007A92E79FED230A38BD37EEC70ABE
:10E6100038BD214B9C420BD8F7EE087AB7EE007A52
:10E62000A0EE277A022330EE670AC0EE077A7DE774
:10E63000BFEE007AC7EE007A032377E7F7EE007AA1
:10E6400030EE677A30EE270A0123C7EE007A6DE7D5
:10E65000DB0FC93FFFFFDF3ED769853C59DA4B3DF1
:10E6600021A215BD6BF16EBD356B883D95879DBDB3
:10E670006E2EBA3D388EE3BD2549123EABAAAA3EA6
:10E68000CDCC4CBE0CEE00081CEE0008CAF249715D
:10E69000FFFF973FDB0FC9BFFFFF1B4010EE103A93
:10E6A00023F0004300EE103A704700BFF8B500BFFA
:10E6B000F8BC08BC9E467047F8B500BFF8BC08BC63
:04E6C0009E467047BB
:10E6C800E7E7E7E7E70000004B6C617061204C6505
:10E6D80077612028466C61704C2900004B6C617092
:10E6E800612050726177612028466C617052290060
:10E6F8005779736F6B6F73632028456C6576617407
:10E708006F7229004B696572756E656B20285275AA
:10E7180064646572290000002D2D3E2054657374D1
:10E728003A2025730D0A00000D0A2D2D2D20524F79
:10E738005A504F435A594E414D20534B414E4F5713
:10E74800414E494520493243202D2D2D0D0A000008
:10E758005A6E616C657A696F6E6F2075727A616442
:10E768007A656E696520706F64206164726573658F
:10E778006D3A203078253032580D0A004272616BAC
:10E788002075727A61647A656E20493243212028A7
:10E798005370726177647A207A6173696C616E690B
:10E7A800652069206B61626C65205344412F534397
:10E7B8004C290D0A00000000536B616E6F77616E83
:10E7C8006965207A616B6F6E637A6F6E652E0D0ACC
:10E7D800000000000D0A3D3D3D2053544152542095
:10E7E80053595354454D55203D3D3D0D0A000000F9
:10E7F800557A6272616A616D204553432028437AD5
:10E80800656B616D20342073656B756E6479292E94
:10E818002E2E0D0A000000000D0A536B616E6F77F3
:10E82800616E6965204932432E2E2E0D0A000000C4
:10E8380053554B4345533A205A6E616C657A696F5C
:10E848006E6F207A79726F736B6F70204D505539E7
:10E85800323530202847592D393129210D0A000039
:10E8680057484F5F414D5F493A203078253032583C
:10E878002028506F77696E6E6F2062796320307838
:10E888003731206C75622030783733290D0A000043
:10E898004D50553932353020706F6D79736C6E6913
:10E8A800652077796275647A6F6E79210D0A0000A8
:10E8B800424C41443A204E69652077796B727974ED
:10E8C8006F207A79726F736B6F70752E2053707228
:10E8D8006177647A206B61626C65210D0A00000023
:10E8E800544553542053494C4E494B41202D2055F3
:10E8F80057414741210D0A005465737420706F77A2
:10E908006965727A63686E6920737465726F777966
:10E9180063682E2E2E0D0A004B616C69627261636A
:10E928006A61207A616B6F6E637A6F6E612E20491F
:10E938006E69636A616C697A756A65204E524632FF
:10E94800342E2E2E0D0A0000526164696F20535434
:10E95800415455533A20307825303258207C205382
:10E96800455455503A20307825303258207C204B79
:10E97800414E414C3A2025640D0A000021212120F6
:10E98800424C4144204B4F4D554E494B41434A4917
:10E9980020535049205A2052414449454D202121B5
:10E9A800210D0A00526164696F20676F746F776583
:10E9B8002E204E61736C756368756A652E2E2E0D58
:10E9C8000A000000524F4C4C3A2025352E31662A59
:10E9D800202D3E20536572776F204C3A2025346CE9
:10E9E800642C20523A2025346C64207C20504954F1
:10E9F80043483A2025352E31662A202D3E2053657E
:10EA080072776F20456C65763A2025346C640D0A60
:10EA18000000000053544D333220566972747561FA
:10EA28006C20436F6D506F727400000053544D6931
:10EA380063726F656C656374726F6E6963730000EF
:10EA480043444320436F6E66696700004344432094
:10EA5800496E74657266616365000000000000001D
:10EA68000000000001020304060708090000000076
:10EA780001020304494E4600696E66004E414E008D
:10EA88006E616E0030003031323334353637383904
:10EA98004142434445460030313233343536373805
:10EAA8003961626364656600496E66696E69747986
:10EAB800004E614E005245454E54206D616C6C6F9E
:10EAC8006320737563636565646564002F627569A7
:10EAD8006C642F676E752D746F6F6C732D666F7213
:10EAE8002D73746D33325F31342E332E72656C3171
:10EAF8002E32303235313032372D303730302F73B7
:10EB080072632F6E65776C69622F6E65776C6962C8
:10EB18002F6C6962632F7374646C69622F64746FFD
:10EB2800612E630042616C6C6F632073756363656B
:10EB380065646564002F6275696C642F676E752D56
:10EB4800746F6F6C732D666F722D73746D33325FD3
:10EB580031342E332E72656C312E323032353130ED
:10EB680032372D303730302F7372632F6E65776CE4
:10EB780069622F6E65776C69622F6C6962632F73A7
:10EB880074646C69622F6D707265632E6300232D47
:10EB9800302B2000686C4C0065666745464700438B
:10EBA80000504F534958002E002C2066756E637430
:10EBB800696F6E3A2000617373657274696F6E20B5
:10EBC80022257322206661696C65643A2066696C47
:10EBD8006520222573222C206C696E65202564250A
:10EBE8007325730A000000000500000019000000EA
:10EBF8007D000000000000000080E03779C3414339
:10EC0800176E05B5B5B89346F5F93FE9034F384D8A
:10EC1800321D30F94877825A3CBF737FDD4F157536
:10EC2800000000000000F03F000000000000244049
:10EC380000000000000059400000000000408F4024
:10EC4800000000000088C34000000000006AF8408F
:10EC58000000000080842E4100000000D0126341B3
:10EC68000000000084D797410000000065CDCD4129
:10EC7800000000205FA00242000000E8764837420A
:10EC8800000000A2941A6D42000040E59C30A242A8
:10EC98000000901EC4BCD64200003426F56B0C431D
:10ECA8000080E03779C3414300A0D88557347643C4
:10ECB80000C84E676DC1AB43003D9160E458E14325
:10ECC800408CB5781DAF154450EFE2D6E41A4B449A
:10ECD80092D54D06CFF08044F64AE1C7022DB544DF
:10ECE800B49DD9794378EA440020202020202020B0
:10ECF80020202828282828202020202020202020E4
:10ED080020202020202020202088101010101010F3
:10ED1800101010101010101010040404040404043F
:10ED280004040410101010101010414141414141D9
:10ED380001010101010101010101010101010101BB
:10ED480001010101101010101010424242424242CB
:10ED5800020202020202020202020202020202028B
:10ED68000202020210101010200000000000000033
:10ED7800000000000000000000000000000000008B
:10ED8800000000000000000000000000000000007B
:10ED9800000000000000000000000000000000006B
:10EDA800000000000000000000000000000000005B
:10EDB800000000000000000000000000000000004B
:10EDC800000000000000000000000000000000003B
:10EDD800000000000000000000000000000000002B
:10EDE800000000000000000000000000000000809B
:10EDF800DB0F4940DB0F49C0DB0F49BFE4CB1640AE
:10EE0800E4CB16C06937AC3168212233B40F143310
:10EE18006821A2333863ED3EDA0F493F5E987B3FA5
:04EE2800DA0FC93FF5
:08EE2C00B413FF7F0100000098
:04EE3400C50100080C
:04EE3800A10100082C
:10EE3C000100000040060000E8030000D0070000BD
:10EE4C00D0E60008140500002003000008070000AD
:10EE5C00E4E60008B00400002C010000D00700001C
:10EE6C00F8E6000878050000E8030000D007000071
:10EE7C000CE700080024F400100000000100000062
:10EE8C000A06000200000040010000009D8C0008F2
:10EE9C008D8E0008918F000800000000B7920008CA
:10EEAC004991000847920008000000000000000093
:10EEBC00000000009D9300082D9300080D9400089D
:10EECC007D94000809024300020100C032090400CD
:10EEDC0000010202010005240010010524010001BB
:10EEEC000424020205240600010705820308001011
:10EEFC0009040100020A000000070501024000009D
:10EF0C00070581024000008101820000DDAC000891
:10EF1C0005AD000815AD0008D1AD000845AE0008E0
:10EF2C0069AE00088DAE0008EDAE0008B1AE000869
:10EF3C0015AF000839AF000875AF000812010002C8
:10EF4C00020200408304405700020102030100004A
:10EF5C00040309041A030000000000000000000074
:10EF6C000000000000000000000000000000000095
:10EF7C000000000003000000A01800205001002039
:10EF8C0000000000A01800200819002070190020B3
:10EF9C000000000000000000000000000000000065
:10EFAC000000000000000000000000000000000055
:10EFBC000000000000000000000000000000000045
:10EFCC0000000000000000000000000043000000F2
:10EFDC000000000000000000000000000000000025
:10EFEC0000000000000000000000000043000000D2
:10EFFC000000000000000000000000000000000005
:10F00C0000000000000000000000000043000000B1
:10F01C0000000000000000000000000000000000E4
:10F02C000000000000000000000000004300000091
:10F03C0000000000000000000000000000000000C4
:10F04C000000000000000000000000004300000071
:10F05C0000000000000000000000000000000000A4
:10F06C000000000000000000000000004300000051
:10F07C000000000000000000000000000000000084
:10F08C000000000000000000000000004300000031
:10F09C000000000000000000000000000000000064
:10F0AC00000000000000000000000000D9DD000896
:10F0BC0059DD000800000000F0EC0008AFEB000880
:10F0CC00ECEB0008ECEB0008ECEB0008ECEB0008B8
:10F0DC00ECEB0008ECEB0008ECEB0008ECEB0008A8
:10F0EC00ECEB0008FFFFFFFFFFFFFFFFFFFFFFFF41
:10F0FC00FFFF00000100415343494900000000009C
:10F10C0000000000000000000000000000000000F3
:10F11C00000000000000415343494900000000007A
:10F12C0000000000000000000000000000000000D3
:08F13C000000000000000000CB
:040000050800278147
:00000001FF
